UN	O
SOUFFLE	O
d'	O
ÉOLIEN	I

Eolienne	I
de	I
relevage	I
d'	I
eau	I
du	O
XIXe	O
siècle	O
sur	O
son	O
château	O
d'	O
eau	O

À	O
Verfeil	I
le	O
18	O
octobre	O
2007	O
.	O

L'	O
énergie	I
éolienne	I
la	O
solution	O
idéale	O
pour	O
un	O
développement	I
durable	I
,	O
Une	O
éolienne	I
c'	O
est	O
laid	O
,	O
bruyant	O
pour	O
les	O
riverains	O
,	O
dangereux	O
pour	O
la	O
faune	O
et	O
de	O
surcroît	O
cela	O
augmente	O
notre	O
production	O
de	O
gaz	I
à	I
effet	I
de	I
serre	I
voilà	O
deux	O
phases	O
entendues	O
au	O
café	O
du	O
commerce	O
ou	O
lues	O
dans	O
la	O
presse	O
.	O

La	O
médiatisation	O
actuelle	O
de	O
l'	O
écologie	I
nous	O
délivre	O
parfois	O
des	O
informations	O
surprenantes	O
:	O
Samedi	O
6	O
octobre	O
2007	O
,	O
en	O
marge	O
du	O
grenelle	O
de	O
l'	O
environnement	I
,	O
quelques	O
centaines	O
de	O
personnes	O
ont	O
manifesté	O
«	O
Contre	O
l'	O
éolien	I
industriel	I
»	O
.	O

La	O
manifestation	O
a	O
eu	O
lieu	O
devant	O
le	O
ministère	I
de	I
l'	I
Écologie	I
,	I
du	I
développement	I
et	I
de	I
l'	I
Aménagement	I
durables	I
(	O
Medad	I
)	O
à	O
Paris	I
,	O
à	O
l'	O
appel	O
du	O
«	O
collectif	O
du	O
6	O
octobre	O
»	O
.	O

Regroupant	O
notamment	O
Chasse	I
Pêche	I
Nature	I
Traditions	I
(	O
CPNT	I
)	O
et	O
des	O
associations	O
de	O
défense	O
du	O
patrimoine	O
,	O
ce	O
collectif	O
estime	O
qu'	O
énergie	I
éolienne	I
et	O
développement	I
durable	I
sont	O
incompatibles	O
.	O

Cette	O
information	O
peut	O
paraitre	O
étonnante	O
au	O
citoyen	O
heureux	O
de	O
voir	O
enfin	O
les	O
choses	O
avancer	O
dans	O
le	O
domaine	O
de	O
l'	O
écologie	I
à	O
travers	O
le	O
développement	O
d'	O
éoliennes	I
bien	O
visibles	O
.	O

Dans	O
un	O
monde	O
ou	O
la	O
désinformation	O
est	O
continuelle	O
,	O
nous	O
constatons	O
que	O
l'	O
apparition	O
d'	O
éoliennes	I
provoque	O
des	O
manifestations	O
d'	O
hostilités	O
.	O

Pourquoi	O
cette	O
hostilité	O
?	O

Nous	O
pouvons	O
tout	O
envisager	O
:	O
guerre	O
de	O
pouvoir	O
entre	O
associations	O
,	O
lobbying	O
utilisant	O
ces	O
associations	O
pour	O
anticiper	O
le	O
coup	O
porté	O
à	O
leurs	O
intérêts	O
industriels	O
(	O
pétrole	I
et	O
nucléaire	I
)	O
,	O
ou	O
bien	O
tout	O
simplement	O
incompréhension	O
du	O
phénomène	O
?	O

Il	O
est	O
vrai	O
que	O
dans	O
notre	O
pays	O
il	O
est	O
prudent	O
d'	O
être	O
méfiant	O
sur	O
les	O
solutions	O
que	O
les	O
industriels	O
nous	O
proposent	O
.	O

Lorsque	O
la	O
politique	O
s'	O
intéresse	O
à	O
ces	O
solutions	O
c'	O
est	O
bien	O
souvent	O
pour	O
tenter	O
de	O
nous	O
les	O
imposer	O
:	O
par	O
exemple	O
les	O
OGM	O
ou	O
le	O
grand	O
contournement	O
de	O
Toulouse	I
.	O

Nous	O
allons	O
tenter	O
de	O
comprendre	O
les	O
spécificités	O
du	O
fonctionnement	O
d'	O
une	O
éolienne	I
,	O
nous	O
intéresser	O
au	O
dessous	O
du	O
développement	O
de	O
l'	O
éolien	I
industriel	I
et	O
enfin	O
étudier	O
ce	O
que	O
nous	O
simples	O
citoyens	O
nous	O
pouvons	O
faire	O
de	O
l'	O
héritage	O
laissé	O
par	O
le	O
dieu	O
Eole	I
.	O

Comment	O
fonctionne	O
une	O
éolienne	I
?	O

Très	O
tôt	O
,	O
dans	O
l'	O
histoire	O
des	O
techniques	I
,	O
le	O
vent	I
a	O
été	O
exploité	O
afin	O
d'	O
en	O
extraire	O
de	O
l'	O
énergie	I
mécanique	I
:	O
pour	O
les	O
moulins	I
,	O
le	O
pompage	I
ou	O
,	O
au	O
Moyen	O
Age	O
,	O
pour	O
l'	O
industrie	O
.	O

Vers	O
le	O
milieu	O
du	O
XIXème	O
siècle	O
,	O
il	O
y	O
avait	O
environ	O
200	O
000	O
moulins	I
à	I
vent	I
en	O
Europe	I
,	O
mais	O
l'	O
arrivée	O
des	O
machines	I
à	O
vapeur	O
industrielles	O
a	O
entraîné	O
leur	O
déclin	O
.	O

C'	O
est	O
principalement	O
la	O
crise	I
pétrolière	I
de	O
1974	O
qui	O
a	O
relancé	O
les	O
études	O
et	O
les	O
expériences	O
sur	O
les	O
éoliennes	I
.	O

Aujourd'hui	O
,	O
on	O
cherche	O
surtout	O
à	O
les	O
utiliser	O
pour	O
produire	O
de	O
l'	O
énergie	I
électrique	I
suivant	O
le	O
principe	O
aussi	O
exploité	O
dans	O
toutes	O
les	O
centrales	I
électriques	I
:	O
un	O
fluide	O
(	O
ici	O
:	O
le	O
vent	I
)	O
entraîne	O
une	O
turbine	I
reliée	O
mécaniquement	I
à	O
une	O
machine	I
électrique	I
,	O
appelée	O
génératrice	I
,	O
qui	O
va	O
produire	O
du	O
courant	I
.	O

Une	O
éolienne	I
permet	O
de	O
transformer	I
l'	O
énergie	I
cinétique	I
du	O
vent	I
en	O
énergie	I
électrique	I
.	O

Elle	O
se	O
compose	O
des	O
éléments	O
suivants	O
:	O
•	O
le	O
mât	I
permet	O
de	O
placer	O
le	O
rotor	I
à	O
une	O
hauteur	O
suffisante	O
pour	O
permettre	O
son	O
mouvement	O
en	O
étant	O
entraîné	O
par	O
un	O
vent	I
plus	O
fort	O
et	O
régulier	O
qu'	O
au	O
niveau	O
du	O
sol	O
.	O

Le	O
mât	I
abrite	O
généralement	O
une	O
partie	O
des	O
composants	O
électriques	I
et	O
électroniques	I
(	O
modulateur	I
,	O
commande	O
,	O
multiplicateur	I
,	O
générateur	I
,	O
etc.	O
)	O
•	O
un	O
rotor	I
,	O
composé	O
de	O
plusieurs	O
pales	I
(	O
en	O
général	O
3	O
pour	O
des	O
contraintes	O
physiques	O
)	O
et	O
du	O
nez	I
de	I
l'	I
éolienne	I
.	O

Le	O
rotor	I
est	O
entraîné	O
par	O
l'	O
énergie	I
du	I
vent	I
et	O
peut	O
être	O
couplé	O
directement	O
ou	O
indirectement	O
à	O
une	O
pompe	I
(	O
cas	O
des	O
éoliennes	I
de	I
pompage	I
)	O
ou	O
plus	O
généralement	O
à	O
un	O
générateur	I
électrique	I
.	O

Le	O
rotor	I
est	O
relié	O
à	O
la	O
nacelle	I
par	O
le	O
moyeu	I
.	O

•	O
une	O
nacelle	I
montée	O
au	O
sommet	O
du	O
mât	I
et	O
abritant	O
les	O
composants	O
mécaniques	I
et	O
pneumatiques	I
et	O
certains	O
composants	O
électriques	I
et	O
électroniques	I
nécessaires	O
au	O
fonctionnement	O
de	O
la	O
machine	I
•	O
dans	O
le	O
cas	O
des	O
éoliennes	I
produisant	O
de	O
l'	O
électricité	I
,	O
un	O
poste	I
de	I
livraison	I
situé	O
à	O
proximité	O
du	O
parc	I
éolien	I
permet	O
de	O
relier	O
ce	O
parc	O
au	O
réseau	I
électrique	I
pour	O
y	O
injecter	O
l'	O
intégralité	O
de	O
l'	O
énergie	I
produite	O

Figure	O
1	O
:	O
Schéma	O
d'	O
une	O
éolienne	I
de	O
type	O
aérogénérateur	I
.	O

Intéressons	O
nous	O
maintenant	O
au	O
fluide	O
nécessaire	O
au	O
fonctionnement	O
de	O
l'	O
éolienne	I
:	O
le	O
vent	I
.	O

Nous	O
avons	O
tous	O
une	O
perception	O
intuitive	O
des	O
particularités	O
du	O
vent	I
:	O
il	O
est	O
imprévisible	O
,	O
instable	O
,	O
irrégulier	O
,	O
variable	O
,	O
etc.	O
,	O
bref	O
indomptable	O
.	O

Par	O
contre	O
il	O
peut	O
être	O
puissant	O
et	O
récurrent	O
à	O
certains	O
endroits	O
.	O

Nous	O
comprenons	O
donc	O
que	O
l'	O
énergie	I
éolienne	I
a	O
un	O
caractère	O
aléatoire	O
mais	O
peut	O
être	O
exploitée	O
à	O
condition	O
de	O
bien	O
choisir	O
le	O
site	O
de	O
production	O
.	O

L'	O
efficacité	O
d'	O
une	O
éolienne	I
dépend	O
de	O
son	O
emplacement	O
.	O

En	O
effet	O
,	O
la	O
puissance	I
fournie	I
augmente	O
avec	O
le	O
cube	O
de	O
la	O
vitesse	I
du	I
vent	I
,	O
raison	O
pour	O
laquelle	O
les	O
sites	O
sont	O
d'	O
abord	O
choisis	O
en	O
fonction	O
de	O
la	O
vitesse	I
et	O
la	O
fréquence	O
des	I
vents	I
présents	O
.	O

Un	O
site	O
avec	O
des	O
vents	I
d'	O
environ	O
30	O
km	O
/	O
h	O
de	O
moyenne	O
sera	O
environ	O
8	O
fois	O
plus	O
productif	O
qu'	O
un	O
autre	O
site	O
avec	O
des	O
vents	I
de	O
15	O
km	O
/	O
h	O
de	O
moyenne	O
.	O

Afin	O
de	O
lisser	O
l'	O
irrégularité	O
du	O
vent	I
,	O
il	O
est	O
nécessaire	O
de	O
mettre	O
en	O
place	O
sur	O
la	O
chaîne	O
de	O
production	O
de	O
l'	O
éolienne	I
une	O
régulation	O
Les	O
objectifs	O
de	O
cette	O
régulation	O
sont	O
d'	O
assurer	O
la	O
sécurité	O
de	O
l'	O
éolienne	I
par	O
vents	I
forts	O
et	O
de	O
limiter	O
la	O
puissance	I
.	O

Une	O
turbine	I
éolienne	I
est	O
dimensionnée	O
pour	O
développer	O
sur	O
son	O
arbre	I
une	O
puissance	I
dénommée	O
puissance	I
nominale	I
Pn	O
.	O

La	O
puissance	I
Pn	O
est	O
obtenue	O
à	O
partir	O
d'	O
une	O
vitesse	I
du	I
vent	I
vn	O
,	O
dénommée	O
vitesse	I
nominale	I
.	O

Lorsque	O
la	O
vitesse	I
du	I
vent	I
est	O
supérieure	O
à	O
vn	O
la	O
turbine	I
éolienne	I
doit	O
modifier	O
ses	O
paramètres	O
afin	O
d'	O
éviter	O
la	O
destruction	O
mécanique	I
,	O
de	O
sorte	O
que	O
sa	O
vitesse	I
de	I
rotation	I
reste	O
pratiquement	O
constante	O
.	O

A	O
côté	O
de	O
la	O
vitesse	I
nominale	I
vn	O
,	O
on	O
note	O
aussi	O
:	O
-	O
la	O
vitesse	I
de	I
démarrage	I
,	O
vD	O
,	O
à	O
partir	O
de	O
laquelle	O
l'	O
éolienne	I
commence	O
à	O
fournir	O
de	O
l'	O
énergie	I
,	O
-	O
la	O
vitesse	O
maximale	O
du	O
vent	I
,	O
vM	O
,	O
à	O
laquelle	O
la	O
turbine	I
ne	O
produit	O
plus	O
d'	O
énergie	I
,	O
pour	O
des	O
raisons	O
de	O
sûreté	O
de	O
fonctionnement	O
.	O

Les	O
vitesses	O
vn	O
,	O
vD	O
et	O
vM	O
définissent	O
quatre	O
zones	O
sur	O
le	O
diagramme	O
de	O
la	O
puissance	I
utile	I
en	O
fonction	O
de	O
la	O
vitesse	I
du	I
vent	I
:	O

Figure	O
2	O
:	O
diagramme	O
de	O
la	O
puissance	I
utile	I
sur	O
l'	O
arbre	I
en	O
fonction	O
de	O
la	O
vitesse	I
du	I
vent	I
-	O
la	O
zone	O
I	O
,	O
où	O
P	O
=	O
0	O
(	O
la	O
turbine	I
ne	O
fonctionne	O
pas	O
)	O
,	O
-	O
la	O
zone	O
II	O
,	O
dans	O
laquelle	O
la	O
puissance	I
fournie	I
sur	O
l'	O
arbre	I
dépend	O
de	O
la	O
vitesse	I
du	I
vent	I
v	O
,	O
-	O
la	O
zone	O
III	O
,	O
où	O
la	O
vitesse	I
de	I
rotation	I
est	O
maintenue	O
constante	O
et	O
où	O
la	O
puissance	I
P	O
fournie	O
reste	O
égale	O
à	O
Pn	O
,	O
-	O
la	O
zone	O
IV	O
,	O
dans	O
laquelle	O
le	O
système	O
de	O
sûreté	O
de	O
fonctionnement	O
arrête	O
le	O
transfert	O
de	O
l'	O
énergie	I
.	O

Ainsi	O
,	O
un	O
projet	O
d'	O
éolienne	I
est	O
envisageable	O
si	O
la	O
vitesse	O
moyenne	O
annuelle	O
du	O
site	O
est	O
supérieure	O
à	O
6	O
ou	O
7	O
m	O
/	O
s	O
,	O
soit	O
21	O
à	O
25	O
km	O
/	O
h	O
.	O

Certains	O
sites	O
à	O
proximité	O
d'	O
obstacles	O
sont	O
donc	O
à	O
proscrire	O
car	O
le	O
vent	I
y	O
est	O
trop	O
turbulent	I
(	O
arbres	O
,	O
bâtiments	O
,	O
escarpements	O
...	O
)	O
.	O

De	O
manière	O
empirique	O
,	O
on	O
trouve	O
les	O
sites	O
propices	O
à	O
l'	O
installation	O
d'	O
éoliennes	I
en	O
observant	O
les	O
arbres	O
et	O
la	O
végétation	O
.	O

Le	O
site	O
est	O
intéressant	O
si	O
les	O
arbres	O
sont	O
courbés	O
par	O
les	O
vents	I
.	O

Idéalement	O
,	O
une	O
installation	O
en	O
offshore	I
d'	O
une	O
éolienne	I
,	O
bien	O
que	O
plus	O
coûteuse	O
,	O
peut	O
fournir	O
jusqu'	O
à	O
5	O
Mégawatts	I
(	O
à	O
comparer	O
aux	O
éoliennes	I
terrestres	I
limitées	O
à	O
3	O
MW	I
dans	O
des	O
sites	O
bien	O
ventés	I
)	O
.	O

L'	O
énergie	I
produite	O
par	O
l'	O
éolienne	I
peut	O
être	O
apportée	O
au	O
réseau	I
électrique	I
ou	O
bien	O
consommée	O
directement	O
sur	O
site	O
.	O

L'	O
idéal	O
serait	O
bien	O
sûr	O
de	O
stocker	O
cette	O
énergie	I
afin	O
de	O
la	O
distribuer	O
en	O
fonction	O
des	O
besoins	O
.	O

Cet	O
idéal	O
peut	O
être	O
atteint	O
pour	O
les	O
sites	O
de	O
petites	O
puissances	I
.	O

Pour	O
les	O
sites	O
de	O
petite	O
puissance	I
,	O
soit	O
isolés	O
,	O
soit	O
raccordés	O
au	O
réseau	I
,	O
on	O
utilise	O
un	O
bus	I
continu	I
intermédiaire	O
avant	O
de	O
transformer	I
l'	O
énergie	I
en	O
courant	I
alternatif	I
(	O
figure	O
3	O
)	O
.	O

Figure	O
3	O
:	O
schéma	O
général	O
de	O
la	O
chaîne	I
de	I
conversion	I
en	O
petite	O
puissance	I
(	O
NB	O
:	O
AC	O
=	O
courant	I
alternatif	I
/	O
DC	O
=	O
courant	I
continu	I
)	O
Ce	O
bus	I
continu	I
présente	O
l'	O
avantage	O
d'	O
interconnecter	I
plus	O
aisément	O
divers	O
systèmes	O
de	O
production	O
(	O
éolien	I
,	O
photovoltaïque	I
,	O
pile	I
à	I
combustible	I
...	O
)	O
et	O
des	O
batteries	I
électrochimiques	I
qui	O
peuvent	O
se	O
trouver	O
directement	O
en	O
tampon	O
sur	O
de	O
tels	O
bus	I
.	O

Pour	O
simplifier	O
,	O
nous	O
pouvons	O
classer	O
les	O
éoliennes	I
en	O
deux	O
catégories	O
en	O
fonction	O
de	O
leur	O
puissance	I
et	O
de	O
leur	O
usage	O
(	O
industriel	O
ou	O
domestique	O
)	O
:	O
-	O
Les	O
éoliennes	I
de	I
faible	I
puissance	I
(	O
<	O
100	O
KW	I
)	O
qui	O
sont	O
généralement	O
installés	O
par	O
des	O
particuliers	O
ou	O
des	O
entreprises	O
pour	O
des	O
besoins	O
énergétiques	I
ciblés	O
(	O
exemple	O
alimentation	O
d'	O
une	O
ferme	O
isolé	O
et	O
non	O
raccordé	O
au	O
réseau	I
électrique	I
)	O
que	O
nous	O
désignerons	O
sous	O
le	O
terme	O
d'	O
éolien	I
domestique	I
.	O

-	O
Les	O
éoliennes	I
de	I
puissance	I
moyenne	I
à	O
élevée	O
(	O
>	O
100	O
KW	I
)	O
qui	O
sont	O
le	O
plus	O
souvent	O
couplées	O
au	O
réseau	I
électrique	I
et	O
installées	O
par	O
groupes	O
,	O
appelés	O
fermes	O
,	O
que	O
nous	O
désignerons	O
sous	O
le	O
terme	O
d'	O
éolien	I
industriel	I
.	O

Maintenant	O
que	O
nous	O
comprenons	O
un	O
peu	O
mieux	O
la	O
manière	O
dont	O
fonctionne	O
une	O
éolienne	I
intéressons	O
nous	O
aux	O
différents	O
types	O
d'	O
éoliennes	I
.	O

L'	O
éolien	I
Domestique	I
Pourquoi	O
ne	O
pas	O
faire	O
de	O
l'	O
éolien	I
en	O
autoconsommation	O
dans	O
chaque	O
foyer	O
?	O
.	O

Une	O
machine	I
de	O
puissance	I
réduite	O
fournirait	O
du	O
courant	I
à	O
notre	O
maison	O
.	O

Quand	O
la	O
maison	O
consomme	O
plus	O
que	O
l'	O
éolienne	I
ne	O
fournit	O
,	O
la	O
maison	O
consomme	O
de	O
l'	O
énergie	I
sur	O
le	O
réseau	I
.	O

Par	O
contre	O
,	O
quand	O
l'	O
éolienne	I
produit	O
plus	O
que	O
consomme	O
la	O
maison	O
,	O
l'	O
excédent	O
(	O
qui	O
techniquement	O
doit	O
pouvoir	O
être	O
absorbé	O
)	O
est	O
reversé	O
sur	O
le	O
réseau	I
.	O

Au	O
total	O
on	O
consomme	O
moins	O
d'	O
électricité	I
du	O
réseau	I
.	O

Autre	O
alternative	O
possible	O
,	O
une	O
éolienne	I
de	O
puissance	I
réduite	O
fournit	O
du	O
courant	I
à	O
une	O
machine	I
isolée	O
.	O

Par	O
exemple	O
,	O
au	O
bout	O
de	O
notre	O
jardin	O
,	O
nous	O
avons	O
un	O
puits	O
et	O
la	O
nécessité	O
pour	O
en	O
puiser	O
l'	O
eau	O
,	O
soit	O
d'	O
y	O
adjoindre	O
une	O
pompe	I
électrique	I
soit	O
une	O
pompe	I
mécanique	I
.	O

La	O
mise	O
en	O
place	O
d'	O
une	O
éolienne	I
nous	O
éviterait	O
de	O
devoir	O
raccorder	O
au	O
réseau	I
notre	O
pompe	I
ou	O
nous	O
permettrait	O
de	O
puiser	O
mécaniquement	I
l'	O
eau	O
.	O

L'	O
idée	O
est	O
séduisante	O
mais	O
sa	O
concrétisation	O
est	O
plus	O
difficile	O
.	O

Comme	O
nous	O
l'	O
avons	O
vu	O
précédemment	O
,	O
l'	O
emplacement	O
d'	O
une	O
éolienne	I
vis	O
à	O
vis	O
du	O
vent	I
est	O
essentiel	O
pour	O
son	O
rendement	I
.	O

Il	O
faudrait	O
que	O
notre	O
jardin	O
soit	O
exposé	O
à	O
un	O
régime	O
de	O
vent	I
suffisant	O
et	O
régulier	O
.	O

De	O
plus	O
,	O
la	O
fabrication	O
et	O
la	O
distribution	O
de	O
ce	O
type	O
d'	O
éolienne	I
restent	O
confidentielles	O
en	O
France	I
.	O

L'	O
investissement	O
reste	O
donc	O
élevé	O
.	O

Une	O
éolienne	I
de	O
1	O
kW	I
coûte	O
5000	O
€	O
,	O
une	O
éolienne	I
de	O
10	O
kW	I
coûte	O
prés	O
de	O
20	O
000	O
€	O
.	O

Il	O
faut	O
savoir	O
qu'	O
il	O
n'	O
existe	O
pas	O
de	O
norme	O
pour	O
mesurer	O
la	O
puissance	I
réelle	I
d'	O
une	O
éolienne	I
et	O
que	O
les	O
puissances	I
nominales	I
indiquées	O
par	O
les	O
fabricants	O
tiennent	O
compte	O
de	O
conditions	O
de	O
vent	I
favorable	O
et	O
sont	O
théoriques	O
.	O

En	O
réalité	O
,	O
le	O
rendement	I
de	O
production	O
d'	O
une	O
éolienne	I
dépasse	O
rarement	O
25	O
%	O
de	O
la	O
capacité	I
nominale	I
.	O

Le	O
prix	O
du	O
kW	I
produit	O
sera	O
donc	O
prohibitif	O
,	O
il	O
restera	O
au	O
propriétaire	O
la	O
satisfaction	O
d'	O
avoir	O
économisée	O
une	O
petite	O
quantité	O
de	O
gaz	I
à	I
effet	I
de	I
serre	I
.	O

Le	O
nombre	O
d'	O
éolienne	I
de	I
faible	I
puissance	I
implanté	I
par	O
des	O
particuliers	O
sur	O
notre	O
territoire	O
est	O
très	O
faible	O
,	O
il	O
y	O
a	O
en	O
effet	O
peu	O
de	O
zones	O
isolées	O
du	O
réseau	I
électrique	I
en	O
France	I
.	O

Dans	O
d'	O
autres	O
pays	O
,	O
comme	O
le	O
Canada	I
,	O
les	O
Etats-Unis	I
,	O
et	O
les	O
pays	O
du	O
Nord	O
de	O
l'	O
Europe	I
,	O
l'	O
éolien	I
domestique	I
est	O
beaucoup	O
plus	O
développé	O
car	O
il	O
constitue	O
souvent	O
une	O
des	O
seules	O
sources	I
d'	I
énergie	I
possible	O
.	O

En	O
effet	O
,	O
dans	O
les	O
contrées	O
isolées	O
,	O
l'	O
utilisation	O
des	O
énergies	I
naturelles	I
comme	O
l'	O
éolien	I
et	O
le	O
solaire	O
sont	O
les	O
seules	O
alternatives	O
aux	O
coûteux	O
groupes	O
électrogènes	I
.	O

Il	O
est	O
vrai	O
que	O
dans	O
le	O
cadre	O
d'	O
une	O
démocratisation	O
de	O
ces	O
éoliennes	I
domestiques	I
,	O
le	O
prix	O
de	O
l'	O
investissement	O
initial	O
baisserait	O
immanquablement	O
et	O
nous	O
pourrions	O
envisager	O
de	O
tous	O
posséder	O
une	O
petite	O
éolienne	I
«	O
d'	O
appoint	O
»	O
au	O
fond	O
du	O
jardin	O
ou	O
sur	O
le	O
toit	O
de	O
notre	O
immeuble	O
.	O

D'	O
ici	O
là	O
,	O
nous	O
avons	O
,	O
dans	O
notre	O
démarche	O
de	O
citoyen	O
,	O
d'	O
autres	O
alternatives	O
pour	O
préserver	O
notre	O
planète	O
,	O
par	O
exemple	O
:	O
la	O
géothermie	I
,	O
le	O
chauffe-eau	I
solaire	I
,	O
la	O
récupération	I
d'	I
eau	I
de	I
pluie	I
,	O
etc.	O
L'	O
éolien	I
Industriel	I

Parc	I
éolien	I
en	O
Haute	I
Corse	I
Les	O
coûts	O
de	O
construction	O
et	O
de	O
maintenance	O
d'	O
une	O
éolienne	I
augmentent	O
peu	O
en	O
fonction	O
de	O
sa	O
taille	O
.	O

Par	O
conséquence	O
,	O
une	O
éolienne	I
de	O
forte	O
puissance	I
sera	O
économiquement	O
plus	O
rentable	I
.	O

Sauf	O
que	O
l'	O
éolienne	I
elle-même	O
ne	O
représente	O
qu'	O
un	O
tiers	O
du	O
prix	O
de	O
l'	O
investissement	O
,	O
les	O
autres	O
coûts	O
étant	O
le	O
raccordement	O
au	O
réseau	I
électrique	I
(	O
ligne	I
à	I
Haute	I
Tension	I
)	O
et	O
les	O
fondations	O
de	O
l'	O
éolienne	I
(	O
de	O
l'	O
ordre	O
de	O
200	O
m3	O
de	O
béton	O
)	O
.	O

Tout	O
d'	O
abord	O
,	O
voici	O
quelques	O
chiffres	O
pour	O
avoir	O
une	O
idée	O
de	O
la	O
taille	O
d'	O
une	O
éolienne	I
.	O

Tableau	O
1	O
Classification	O
des	O
turbines	I
éoliennes	I
Les	O
éoliennes	I
domestiques	I
sont	O
les	O
petites	I
éoliennes	I
(	O
moins	O
de	O
12	O
m	O
)	O
.	O

L'	O
implantation	I
de	O
grande	I
éolienne	I
a	O
un	O
impact	O
important	O
sur	O
l'	O
environnement	I
de	O
par	O
sa	O
taille	O
,	O
une	O
hélice	I
de	O
50	O
m	O
de	O
diamètre	O
sur	O
un	O
mat	O
de	O
80	O
à	O
100	O
m	O
.	O

Nous	O
sommes	O
bien	O
là	O
dans	O
une	O
installation	O
de	O
production	O
industrielle	O
.	O

C'	O
est	O
à	O
dire	O
avec	O
un	O
impact	O
plus	O
proche	O
de	O
celui	O
d'	O
une	O
usine	O
que	O
d'	O
un	O
petit	O
artisan	O
.	O

L'	O
investissement	O
pour	O
installer	O
une	O
ferme	I
d'	I
éoliennes	I
est	O
lui	O
aussi	O
important	O
.	O

Nous	O
avons	O
vu	O
précédemment	O
que	O
la	O
rentabilité	I
d'	O
une	O
éolienne	I
est	O
faible	O
car	O
sujette	O
aux	O
aléas	O
climatiques	I
(	O
le	O
vent	I
)	O
et	O
à	O
la	O
technologie	I
(	O
plage	O
de	O
vitesse	O
limitée	O
)	O
.	O

Donc	O
,	O
pour	O
développer	O
le	O
recours	O
à	O
cette	O
énergie	I
l'	O
Etat	O
a	O
décidé	O
d'	O
accorder	O
des	O
subventions	O
conséquentes	O
aux	O
investisseurs	O
industriels	O
pour	O
la	O
mise	O
en	O
place	O
de	O
parc	I
éolien	I
.	O

Ces	O
subventions	O
seront	O
perçues	O
sous	O
forme	O
de	O
promesse	O
de	O
rachat	O
à	O
bon	O
prix	O
du	O
KW	I
produit	O
.	O

L	O
'	O
«	O
Arrêté	O
du	O
10	O
juillet	O
2006	O
fixant	O
les	O
conditions	O
d'	O
achat	O
de	O
l'	O
électricité	I
produite	O
par	O
les	O
installations	O
utilisant	O
l'	O
énergie	I
mécanique	I
du	O
vent	I
telles	O
que	O
visées	O
au	O
2o	O
de	O
l'	O
article	O
2	O
du	O
décret	O
no	O
2000	O
-	O
1196	O
du	O
6	O
décembre	O
2000	O
»	O
fixe	O
le	O
tarif	O
d'	O
achat	O
de	O
l'	O
électricité	I
éolienne	I
terrestre	I
à	O
8,2	O
c€	O
pendant	O
10	O
ans	O
,	O
il	O
est	O
ensuite	O
dégressif	O
selon	O
la	O
qualité	O
du	O
vent	I
sur	O
le	O
site	O
.	O

Ce	O
tarif	O
peut	O
descendre	O
jusqu'	O
à	O
2,8	O
c€	O
,	O
ce	O
qui	O
est	O
un	O
prix	O
inférieur	O
à	O
celui	O
des	O
énergies	I
traditionnelles	I
,	O
le	O
coût	O
d'	O
un	O
kW	I
Nucléaire	I
est	O
de	O
l'	O
ordre	O
de	O
3	O
c€	O
.	O

Et	O
là	O
,	O
il	O
s'	O
agit	O
des	O
prix	O
«	O
économiques	O
»	O
ne	O
prenant	O
pas	O
en	O
compte	O
les	O
coûts	O
cachés	O
(	O
coûts	O
environnementaux	I
et	O
sociaux	O
des	O
pollutions	I
et	O
des	O
déchets	O
des	O
énergies	I
traditionnelles	I
)	O
.	O

Durée	O
annuelle	O
de	O
fonctionnement	O
2400	O
h	O
et	O
moins	O
Entre	O
2400	O
et	O
2800	O
h	O
2800	O
h	O
Entre	O
2800	O
et	O
3600	O
h	O
3600	O
h	O
et	O
plus	O
Tarif	O
pour	O
les	O
10	O
premières	O
années	O
8,2	O
c€	O
8,2	O
c€	O
8,2	O
c€	O
8,2	O
c€	O
8,2	O
c€	O
Tarif	O
pour	O
les	O
5	O
années	O
suivantes	O
8,2	O
c€	O
Interpolation	I
linéaire	I
6,8	O
c€	O
Interpolation	I
linéaire	I
2,8	O
c€	O

Tableau	O
2	O
:	O
Prix	O
d'	O
achat	O
du	O
KW	I
éolien	I
par	O
EDF	I
Le	O
gouvernement	O
précédent	O
a	O
accordé	O
ces	O
subventions	O
à	O
l'	O
industrie	I
éolienne	I
contre	O
l'	O
avis	O
de	O
la	O
Commission	I
de	I
régulation	I
de	I
l'	I
énergie	I
.	O

Cette	O
autorité	O
administrative	O
indépendante	O
a	O
rendu	O
le	O
29	O
juin	O
2006	O
,	O
un	O
«	O
avis	O
»	O
sur	O
les	O
conséquences	O
prévisibles	O
de	O
l'	O
augmentation	O
de	O
prix	O
de	O
vente	O
de	O
l'	O
électricité	I
éolienne	I
.	O

Ce	O
tarif	O
,	O
écrit	O
la	O
Commission	O
«	O
occasionne	O
une	O
rentabilité	I
des	O
capitaux	O
propres	O
trop	O
importante	O
au	O
regard	O
de	O
ce	O
qui	O
serait	O
nécessaire	O
pour	O
susciter	O
l'	O
investissement	O
dans	O
ces	O
moyens	O
de	O
production	O
,	O
même	O
dans	O
l'	O
hypothèse	O
des	O
coûts	O
la	O
plus	O
défavorable	O
»	O
.	O

Elle	O
évalue	O
cette	O
rentabilité	I
«	O
de	O
l'	O
ordre	O
de	O
20	O
à	O
40	O
%	O
par	O
an	O
,	O
après	O
impôt	O
,	O
garantie	O
sur	O
quinze	O
ans	O
,	O
pour	O
des	O
sites	O
moyennement	O
ventés	I
»	O
.	O

Nous	O
comprenons	O
mieux	O
maintenant	O
l'	O
appétit	O
que	O
suscite	O
l'	O
éolien	I
industriel	I
chez	O
les	O
investisseurs	O
.	O

L'	O
éolien	I
industriel	I
se	O
développe	O
effectivement	O
très	O
rapidement	O
en	O
France	I
.	O

Il	O
représente	O
environ	O
1800	O
MW	I
,	O
soit	O
environ	O
l'	O
équivalent	O
d'	O
une	O
tranche	O
de	O
centrale	I
nucléaire	I
(	O
900	O
à	O
1400	O
MW	I
)	O
.	O

Dans	O
un	O
tel	O
contexte	O
,	O
l'	O
éolien	I
industriel	I
,	O
suscite	O
beaucoup	O
de	O
réactions	O
partisanes	O
entre	O
les	O
pros	I
et	O
les	O
anti-éoliens	I
.	O

Avantages	O
et	O
inconvénients	O
trouvés	O
aux	O
éoliennes	I
Pour	O
les	O
pro-éoliens	I
,	O
l'	O
énergie	I
éolienne	I
est	O
une	O
énergie	I
renouvelable	I
qui	O
peut	O
être	O
jugée	O
idéale	O
parce	O
que	O
:	O
•	O
il	O
s'	O
agit	O
d'	O
une	O
forme	O
d'	O
énergie	I
indéfiniment	O
durable	I
et	O
propre	O
;	O
•	O
elle	O
ne	O
nécessite	O
aucun	O
carburant	I
;	O
•	O
elle	O
ne	O
produit	O
pas	O
de	O
déchets	O
toxiques	O
ou	O
radioactifs	O
car	O
une	O
éolienne	I
est	O
entièrement	O
en	O
métal	O
et	O
plastique	O
.	O

Une	O
éolienne	I
est	O
en	O
grande	O
partie	O
recyclable	I
car	O
construite	O
en	O
acier	O
.	O

Après	O
son	O
temps	O
de	O
fonctionnement	O
(	O
environ	O
20	O
ans	O
)	O
elle	O
est	O
entièrement	O
démontable	O
,	O
on	O
peut	O
même	O
retirer	O
la	O
fondation	O
en	O
béton	O
.	O

Elle	O
n'	O
aura	O
laissé	O
aucun	O
produit	O
contaminant	O
autour	O
d'	O
elle	O
et	O
pourra	O
être	O
très	O
facilement	O
remplacée	O
;	O
•	O
lorsque	O
de	O
grands	O
parcs	I
d'	I
éoliennes	I
sont	O
installés	O
sur	O
des	O
terres	O
agricoles	O
,	O
seulement	O
2	O
%	O
du	O
sol	O
environ	O
est	O
requis	O
pour	O
les	O
éoliennes	I
.	O

La	O
surface	O
restante	O
est	O
disponible	O
pour	O
l'	O
exploitation	O
agricole	O
,	O
l'	O
élevage	O
et	O
d'	O
autres	O
utilisations	O
;	O
•	O
les	O
propriétaires	O
fonciers	O
reçoivent	O
souvent	O
un	O
paiement	O
pour	O
l'	O
utilisation	O
de	O
leur	O
terrain	O
,	O
ce	O
qui	O
augmente	O
leur	O
revenu	O
ainsi	O
que	O
la	O
valeur	O
du	O
terrain.	O
(	O
les	O
loyers	O
sont	O
autour	O
de	O
1500	O
à	O
2000	O
€	O
par	O
MW	I
)	O
;	O
•	O
la	O
propriété	O
des	O
aérogénérateurs	I
par	O
des	O
particuliers	O
et	O
la	O
communauté	O
permet	O
aux	O
gens	O
de	O
participer	O
directement	O
à	O
la	O
conservation	O
de	O
notre	O
environnement	I
.	O

La	O
présence	O
d'	O
éolienne	I
montre	O
le	O
souci	O
environnemental	I
de	O
ces	O
personnes	O
;	O
•	O
les	O
éoliennes	I
permettent	O
au	O
travers	O
de	O
la	O
taxe	O
professionnelle	O
de	O
participer	O
au	O
développement	O
local	O
avec	O
une	O
contribution	O
annuelle	O
de	O
l'	O
ordre	O
de	O
10	O
000€	O
par	O
MW	I
(	O
ce	O
chiffre	O
peut	O
varier	O
en	O
fonction	O
des	O
communautés	O
de	O
communes	O
concernées	O
)	O
.	O

Certaines	O
communes	O
rurales	O
peuvent	O
ainsi	O
revivre	O
et	O
assurer	O
des	O
travaux	O
pour	O
lesquels	O
elles	O
s'	O
endettaient	O
jusque	O
là	O
.	O

•	O
Selon	O
EDF	I
,	O
l'	O
énergie	I
éolienne	I
se	O
révèle	O
une	O
excellente	O
ressource	O
d'	O
appoint	O
d'	O
autres	O
énergies	I
,	O
notamment	O
durant	O
les	O
pics	O
de	O
consommation	O
,	O
en	O
hiver	O
par	O
exemple	O
.	O

Mais	O
,	O
selon	O
ses	O
détracteurs	O
,	O
plusieurs	O
inconvénients	O
viennent	O
noircir	O
ce	O
tableau	O
presque	O
idyllique	O
:	O
•	O
les	O
riverains	O
craignent	O
généralement	O
une	O
dégradation	O
de	O
l'	O
aspect	O
visuel	O
des	O
sites	O
concernés	O
;	O
•	O
les	O
riverains	O
déplorent	O
le	O
bruit	O
des	O
éoliennes	I
,	O
et	O
craignent	O
un	O
impact	O
sur	O
l'	O
écosystème	I
induit	O
par	O
ce	O
bruit	O
associé	O
aux	O
interférences	O
électromagnétiques	I
induites	O
par	O
leurs	O
générateurs	I
.	O

Le	O
bruit	O
peut	O
être	O
d'	O
origine	O
mécanique	I
ou	O
aérodynamique	I
.	O

Les	O
éoliennes	I
installées	O
actuellement	O
produisent	O
un	O
bruit	O
de	O
55	O
dBA	O
à	O
leur	O
pied	O
;	O
•	O
la	O
réception	O
des	O
ondes	I
hertziennes	I
peut	O
être	O
perturbée	O
,	O
ce	O
qui	O
provoque	O
une	O
image	O
bruitée	O
sur	O
les	O
récepteurs	O
de	O
télévision	O
analogique	O
.	O

Dans	O
ce	O
cas	O
,	O
il	O
est	O
fréquent	O
que	O
la	O
société	O
implantant	I
les	O
éoliennes	I
finance	O
la	O
construction	O
d'	O
un	O
nouvel	O
émetteur	O
numérique	O
de	O
télévision	O
;	O
•	O
des	O
flashes	O
très	O
puissants	O
sont	O
émis	O
toutes	O
les	O
cinq	O
secondes	O
en	O
haut	O
des	O
mâts	I
d'	O
éoliennes	I
à	O
la	O
demande	O
de	O
l'	O
aviation	O
civile	O
.	O

Ces	O
flashes	O
perturbent	O
la	O
quiétude	O
nocturne	O
de	O
la	O
campagne	O
et	O
sont	O
une	O
pollution	I
lumineuse	I
supplémentaire	O
;	O
•	O
les	O
éoliennes	I
peuvent	O
constituer	O
pour	O
la	O
migration	O
des	O
oiseaux	O
un	O
obstacle	O
mortel	O
.	O

En	O
effet	O
,	O
les	O
pales	I
en	O
rotation	I
sont	O
difficilement	O
visibles	O
par	O
mauvais	O
temps	O
ou	O
la	O
nuit	O
.	O

Les	O
oiseaux	O
peuvent	O
alors	O
entrer	O
en	O
collision	O
avec	O
celles-ci	O
.	O

Plus	O
le	O
parc	I
éolien	I
est	O
dense	O
,	O
plus	O
ce	O
risque	O
est	O
grand	O
.	O

Des	O
feux	O
sur	O
les	O
pales	I
peuvent	O
réduire	O
ce	O
danger	O
;	O
•	O
les	O
parcs	I
éoliens	I
produisent	O
des	O
interférences	O
avec	O
les	O
radars	O
,	O
en	O
particulier	O
avec	O
les	O
radars	O
météorologiques	I
.	O

En	O
effet	O
,	O
les	O
éoliennes	I
peuvent	O
constituer	O
un	O
obstacle	O
à	O
la	O
propagation	O
de	O
l'	O
onde	O
.	O

;	O
•	O
par	O
son	O
principe	O
de	O
fonctionnement	O
même	O
,	O
une	O
éolienne	I
absorbe	O
l'	O
énergie	I
du	I
vent	I
et	O
le	O
rend	O
turbulent	I
,	O
créant	O
ainsi	O
un	O
effet	I
de	I
sillage	I
jusqu'	O
à	O
10	O
diamètres	O
de	O
rotor	I
derrière	O
elle	O
.	O

•	O
Les	O
éoliennes	I
menacent	O
la	O
sécurité	O
des	O
riverains	O
:	O
chute	O
,	O
bris	O
de	O
pales	I
,	O
blocs	O
de	O
glaces	O
,	O
incendie	O
.	O

•	O
elle	O
ne	O
créé	O
pas	O
ou	O
peu	O
d'	O
emploi	O
en	O
France	I
;	O
•	O
elle	O
crée	O
des	O
gaz	I
à	I
effet	I
de	I
serre	I
:	O
ce	O
type	O
d'	O
énergie	I
étant	O
intermittent	O
,	O
la	O
consommation	O
basée	O
sur	O
un	O
MW	I
éolien	I
devra	O
,	O
pour	O
pouvoir	O
être	O
satisfaite	O
lorsque	O
le	O
vent	I
sera	O
trop	O
faible	O
,	O
avoir	O
recourt	O
à	O
une	O
production	O
d'	O
un	O
MW	I
d'	O
une	O
centrale	I
thermique	I
.	O

Il	O
est	O
donc	O
nécessaire	O
de	O
maintenir	O
des	O
centrales	I
thermiques	I
constamment	O
au	O
ralenti	O
afin	O
de	O
pouvoir	O
les	O
enclencher	O
pour	O
réguler	O
les	O
variations	O
imprévisibles	O
de	O
la	O
production	O
éolienne	I
.	O

De	O
fait	O
,	O
dans	O
ce	O
cas	O
la	O
centrale	I
thermique	I
produira	O
du	O
gaz	I
à	I
effet	I
de	I
serre	I
qui	O
n'	O
aurait	O
pas	O
été	O
produit	O
si	O
le	O
MW	I
était	O
d'	O
origine	O
Nucléaire	I
;	O
•	O
elle	O
est	O
inadaptée	O
à	O
la	O
politique	O
énergétique	I
de	O
la	O
France	I
basée	O
sur	O
le	O
Nucléaire	I
qui	O
est	O
peu	O
générateur	O
de	O
gaz	I
à	I
effet	I
de	I
serre	I
.	O

La	O
production	I
d'	I
électricité	I
en	O
France	I
génère	O
environ	O
5	O
%	O
des	O
émissions	I
de	I
gaz	I
à	I
effet	I
de	I
serre	I
du	O
pays	O
.	O

Le	O
recourt	O
à	O
l'	O
éolien	I
aura	O
donc	O
un	O
impact	O
limité	O
sur	O
la	O
production	O
de	O
gaz	I
à	I
effet	I
de	I
serre	I
;	O
•	O
elle	O
bénéficie	O
de	O
subventions	O
importantes	O
de	O
la	O
part	O
de	O
l'	O
Etat	I
Français	I
à	O
travers	O
EDF	I
.	O

Ces	O
subventions	O
sont	O
payées	O
par	O
le	O
consommateur	O
via	O
la	O
CSPE	I
(	O
Contribution	O
aux	O
charges	O
de	O
service	O
public	O
de	O
l'	O
électricité	I
)	O
et	O
par	O
le	O
contribuable	O
Français	O
,	O
au	O
profit	O
de	O
promoteurs	O
et	O
de	O
multinationales	O
de	O
l'	O
énergie	I
et	O
au	O
détriment	O
des	O
autres	O
formes	O
d'	O
énergie	I
renouvelable	I
.	O

Rappelons	O
que	O
la	O
CSPE	I
est	O
payée	O
par	O
tous	O
les	O
consommateurs	O
finals	O
d'	O
électricité	I
en	O
France	I
.	O

Son	O
montant	O
s'	O
applique	O
sur	O
la	O
consommation	O
en	O
KWh	I
d'	O
électricité	I
.	O

Cette	O
taxe	O
sert	O
essentiellement	O
à	O
financer	O
le	O
développement	O
des	O
énergies	I
renouvelables	I
et	O
principalement	O
l'	O
éolien	I
,	O
puisque	O
celui-ci	O
bénéficie	O
d'	O
une	O
obligation	O
d'	O
achat	O
à	O
un	O
prix	O
élevé	O
.	O

Il	O
est	O
à	O
noter	O
que	O
ces	O
inconvénients	O
sont	O
données	O
par	O
les	O
détracteurs	O
principalement	O
pour	O
l'	O
éolien	I
industriel	I
,	O
ces	O
mêmes	O
détracteurs	O
étant	O
plutôt	O
favorables	O
au	O
développement	O
de	O
l'	O
éolien	I
domestique	I
.	O

Que	O
peux-t-on	O
répondre	O
à	O
ces	O
arguments	O
?	O

Les	O
craintes	O
de	O
la	O
population	O
recouvrent	O
plus	O
prosaïquement	O
une	O
inquiétude	O
quant	O
à	O
la	O
dépréciation	O
du	O
foncier	O
et	O
de	O
l'	O
immobilier	O
à	O
proximité	O
des	O
parcs	I
éoliens	I
doublé	O
d'	O
une	O
inquiétude	O
sur	O
les	O
nuisances	I
sonores	I
des	O
machines	I
.	O

Il	O
est	O
difficile	O
de	O
trouver	O
des	O
études	O
montrant	O
l'	O
impact	O
des	O
éoliennes	I
sur	O
les	O
cours	O
de	O
l'	O
immobilier	O
.	O

Le	O
bruit	O
produit	O
par	O
les	O
éoliennes	I
est	O
réel	O
mais	O
faible	O
45	O
dB	O
(	O
A	O
)	O
.	O

Au	O
pied	O
d'	O
une	O
éolienne	I
,	O
le	O
niveau	O
sonore	O
est	O
équivalent	O
à	O
celui	O
qu'	O
il	O
y	O
a	O
à	O
l'	O
intérieur	O
d'	O
une	O
voiture	O
.	O

Le	O
bruit	O
du	O
vent	I
est	O
bien	O
souvent	O
plus	O
dérangeant	O
que	O
le	O
bruit	O
de	O
l'	O
éolienne	I
elle-même	O
.	O

C'	O
est	O
souvent	O
l'	O
ignorance	O
des	O
populations	O
qui	O
est	O
source	O
d'	O
opposition	O
.	O

Ceci	O
est	O
vrai	O
lorsque	O
le	O
projet	O
est	O
précipité	O
par	O
un	O
investisseur	O
.	O

Par	O
contre	O
,	O
lorsque	O
le	O
projet	O
est	O
issu	O
d'	O
une	O
réflexion	O
de	O
la	O
population	O
et	O
de	O
ses	O
élus	O
,	O
une	O
telle	O
opposition	O
est	O
marginale	O
.	O

Nous	O
pouvons	O
trouver	O
de	O
multiples	O
exemples	O
de	O
populations	O
fières	O
de	O
leur	O
parc	I
éolien	I
,	O
populations	O
qui	O
ont	O
été	O
informés	O
/	O
consultés	O
jusqu'	O
à	O
six	O
ans	O
avant	O
le	O
projet	O
.	O

Concernant	O
l'	O
impact	O
sur	O
les	O
oiseaux	O
,	O
si	O
des	O
précautions	O
sont	O
prises	O
dans	O
le	O
choix	O
des	O
sites	O
et	O
dans	O
l'	O
agencement	O
des	O
éoliennes	I
,	O
la	O
mortalité	O
des	O
oiseaux	O
est	O
très	O
faible	O
.	O

La	O
LPO	I
(	O
Ligue	I
de	I
Protection	I
des	I
Oiseaux	I
)	O
se	O
montre	O
favorable	O
au	O
développement	O
de	O
parcs	I
éoliens	I
si	O
ceux-ci	O
sont	O
construits	O
en	O
suivant	O
ses	O
recommandations	O
.	O

Quand	O
aux	O
risques	O
d'	O
accident	O
,	O
ils	O
sont	O
réels	O
mais	O
il	O
reste	O
du	O
niveau	O
d'	O
un	O
risque	O
industriel	O
que	O
l'	O
on	O
se	O
doit	O
de	O
mesurer	O
et	O
de	O
prévenir	O
.	O

Ils	O
sont	O
toutefois	O
sans	O
commune	O
mesure	O
avec	O
les	O
risques	O
inhérents	O
au	O
nucléaire	I
ou	O
à	O
l'	O
industrie	O
chimique	O
.	O

Si	O
nous	O
ajoutons	O
la	O
turbulence	I
et	O
les	O
interférences	O
,	O
nous	O
avons	O
fait	O
le	O
tour	O
des	O
reproches	O
intrinsèques	O
faits	O
aux	O
éoliennes	I
.	O

Certes	O
,	O
il	O
y	O
a	O
des	O
inconvénients	O
,	O
mais	O
,	O
que	O
représentent	O
pour	O
notre	O
société	O
ces	O
nuisances	O
?	O

Peu	O
de	O
chose	O
au	O
regard	O
de	O
ce	O
que	O
nous	O
tolérons	O
par	O
ailleurs	O
sans	O
broncher	O
:	O
-	O
les	O
kilomètres	O
de	O
lignes	I
à	I
Haute	I
Tension	I
:	O
générateur	O
de	O
perturbations	O
électromagnétiques	I
,	O
de	O
mort	O
de	O
dizaines	O
d'	O
oiseaux	O
par	O
km	O
-	O
les	O
émetteurs	O
de	O
téléphonie	O
mobile	O
laids	O
et	O
potentiellement	O
dangereux	O
pour	O
l'	O
homme	O
-	O
les	O
autoroutes	O
/	O
rocades	O
/	O
périphériques	O
et	O
leurs	O
ouvrages	O
d'	O
art	O
,	O
extrêmement	O
bruyant	O
,	O
polluant	O
et	O
défigurant	O
le	O
paysage	O
,	O
-	O
les	O
usines	O
dangereuses	O
et	O
polluantes	I
aux	O
abords	O
des	O
agglomérations	O
-	O
etc.	O
La	O
liste	O
de	O
ce	O
que	O
nous	O
tolérons	O
est	O
longue	O
!	O

Alors	O
pourquoi	O
reprocher	O
aux	O
éoliennes	I
ce	O
que	O
nous	O
tolérons	O
par	O
ailleurs	O
?	O

Il	O
est	O
vrai	O
que	O
l'	O
éolien	I
industriel	I
ne	O
créé	O
pas	O
beaucoup	O
d'	O
emploi	O
en	O
France	I
pour	O
l'	O
instant	O
.	O

Nous	O
n'	O
avons	O
ni	O
fabricants	O
,	O
ni	O
exploitants	O
dans	O
l'	O
hexagone	O
.	O

Cependant	O
,	O
dans	O
l'	O
absolu	O
,	O
les	O
pays	O
européens	O
hébergeant	O
les	O
industriels	O
de	O
l'	O
éoliens	I
emploient	O
prés	O
de	O
100	O
000	O
personnes	O
.	O

Certain	O
insistent	O
sur	O
l'	O
inadéquation	O
de	O
l'	O
éolien	I
industriel	I
avec	O
notre	O
production	O
énergétique	I
basée	O
sur	O
le	O
Nucléaire	I
.	O

En	O
effet	O
,	O
si	O
l'	O
objectif	O
est	O
de	O
substituer	O
l'	O
énergie	I
éolienne	I
à	O
l'	O
énergie	I
nucléaire	I
,	O
se	O
pose	O
le	O
problème	O
de	O
l'	O
intermittence	O
de	O
cette	O
production	O
.	O

Il	O
convient	O
plutôt	O
de	O
considérer	O
l'	O
énergie	I
éolienne	I
comme	O
une	O
énergie	I
complémentaire	O
d'	O
un	O
mode	O
de	O
production	O
plus	O
régulier	O
qui	O
est	O
le	O
Nucléaire	I
.	O

Ainsi	O
l'	O
éolien	I
permet	O
de	O
réaliser	O
des	O
économies	O
de	O
combustible	I
sur	O
les	O
autres	O
centrales	I
,	O
nucléaires	I
ou	O
thermiques	I
.	O

Les	O
critiques	O
sur	O
les	O
subventions	O
,	O
qui	O
sont	O
massivement	O
accordés	O
au	O
secteur	O
éolien	I
industriel	I
,	O
sont	O
plus	O
gênantes	O
car	O
effectivement	O
nous	O
pouvons	O
nous	O
interroger	O
sur	O
l'	O
exagération	O
des	O
subventions	O
accordées	O
.	O

La	O
taxe	O
CSPE	I
n'	O
étant	O
pas	O
à	O
remettre	O
en	O
cause	O
car	O
le	O
but	O
poursuivi	O
est	O
louable	O
:	O
la	O
raison	O
d'	O
être	O
d'	O
une	O
écotaxe	I
est	O
de	O
majorer	O
le	O
prix	O
pour	O
inciter	O
le	O
producteur	O
à	O
réduire	O
ses	O
nuisances	O
et	O
inciter	O
l'	O
usager	O
à	O
réduire	O
sa	O
consommation	O
.	O

Mais	O
alors	O
,	O
pourquoi	O
tout	O
miser	O
sur	O
l'	O
éolien	I
industriel	I
?	O

Pourquoi	O
ne	O
pas	O
avoir	O
recourt	O
à	O
toutes	O
les	O
énergies	I
renouvelables	I
?	O

Quelle	O
devrait	O
être	O
la	O
place	O
de	O
l'	O
éolien	I
industriel	I
dans	O
une	O
politique	O
énergétique	I
propre	O
?	O

Quel	O
avenir	O
pour	O
l'	O
éolien	I
?	O

Le	O
bon	O
sens	O
nous	O
commande	O
de	O
croire	O
en	O
l'	O
avenir	O
de	O
l'	O
énergie	I
éolienne	I
.	O

En	O
effet	O
,	O
pourquoi	O
ne	O
pas	O
profiter	O
de	O
cette	O
manne	O
d'	O
énergie	I
propre	I
?	O

Que	O
diront	O
nos	O
enfants	O
si	O
nous	O
ne	O
recherchons	O
pas	O
d'	O
alternative	O
aux	O
énergies	I
polluantes	I
?	O

Il	O
faudrait	O
avoir	O
perdu	O
la	O
raison	O
pour	O
penser	O
qu'	O
il	O
n'	O
y	O
a	O
pas	O
d'	O
évolution	O
possible	O
de	O
la	O
politique	O
énergétique	I
actuelle	O
.	O

L'	O
éolien	I
a	O
des	O
spécificités	O
qu'	O
il	O
faut	O
respecter	O
.	O

Nous	O
aurons	O
avec	O
le	O
parc	O
installé	O
,	O
un	O
retour	O
d'	O
expérience	O
sur	O
l'	O
utilisation	O
de	O
cette	O
énergie	I
nous	O
permettant	O
d'	O
améliorer	O
le	O
processus	O
de	O
production	O
en	O
gommant	O
,	O
pourquoi	O
pas	O
ses	O
défauts	O
.	O

Nous	O
ne	O
sommes	O
qu'	O
au	O
début	O
de	O
l'	O
utilisation	O
industrielle	O
de	O
cette	O
énergie	I
et	O
nos	O
moyens	O
de	O
recherche	O
et	O
développement	O
n'	O
ont	O
pas	O
été	O
mobilisés	O
sur	O
le	O
sujet	O
.	O

Le	O
problème	O
serait	O
tout	O
différent	O
si	O
l'	O
on	O
savait	O
stocker	O
économiquement	O
l'	O
électricité	I
.	O

Nous	O
sommes	O
bien	O
capables	O
de	O
nous	O
servir	O
des	O
énergies	I
renouvelables	I
lorsque	O
nous	O
n'	O
avons	O
pas	O
d'	O
autre	O
choix	O
:	O
exemple	O
,	O
les	O
éoliennes	I
fournissent	O
de	O
l'	O
électricité	I
sur	O
les	O
bateaux	O
depuis	O
longtemps	O
et	O
les	O
satellites	O
et	O
sondes	O
spatiales	O
utilisent	O
des	O
panneaux	I
solaires	I
comme	O
principale	O
source	I
d'	I
énergie	I
depuis	O
toujours	O
.	O

Bien	O
sûr	O
,	O
les	O
éoliennes	I
ne	O
représentent	O
pas	O
la	O
solution	O
pour	O
assurer	O
la	O
totalité	O
de	O
nos	O
besoins	O
énergétiques	I
:	O
c'	O
est	O
une	O
énergie	I
d'	I
appoint	I
.	O

Par	O
contre	O
,	O
si	O
nous	O
tenons	O
compte	O
de	O
leurs	O
spécificités	O
et	O
des	O
contraintes	O
qu'	O
elles	O
imposent	O
,	O
elles	O
constituent	O
une	O
indéniable	O
source	I
d'	I
énergie	I
propre	I
et	O
durable	I
.	O

Les	O
énergies	I
renouvelables	I
ne	O
jouent	O
pour	O
l'	O
instant	O
qu'	O
un	O
rôle	O
complémentaire	O
.	O

Les	O
éoliennes	I
industrielles	I
ou	O
domestiques	I
permettront	O
seulement	O
lorsqu'	O
il	O
y	O
aura	O
du	O
vent	I
,	O
d'	O
arrêter	O
des	O
centrales	O
,	O
et	O
donc	O
d'	O
économiser	O
du	O
fuel	I
ou	O
de	O
l'	O
uranium	O
.	O

Dans	O
la	O
démarche	O
d'	O
incitation	O
vers	O
l'	O
éolien	I
,	O
il	O
faut	O
voir	O
une	O
prise	O
de	O
conscience	O
,	O
par	O
nos	O
élus	O
,	O
que	O
la	O
préservation	O
de	O
la	O
planète	O
est	O
une	O
priorité	O
.	O

Par	O
contre	O
,	O
que	O
ce	O
même	O
Etat	O
cherche	O
à	O
imposer	O
l'	O
éolien	I
comme	O
la	O
seule	O
énergie	I
alternative	I
,	O
au	O
nom	O
de	O
l'	O
urgence	O
à	O
agir	O
,	O
et	O
alors	O
que	O
la	O
solution	O
n'	O
est	O
peux	O
être	O
pas	O
la	O
réponse	O
idéale	O
,	O
est	O
pour	O
le	O
moins	O
curieux	O
.	O

La	O
démocratie	O
n'	O
est	O
pas	O
source	O
de	O
consensus	O
.	O

Remercions	O
le	O
travail	O
des	O
anti-éoliens	I
qui	O
nous	O
permet	O
de	O
nous	O
interroger	O
sur	O
le	O
bien	O
fondé	O
de	O
la	O
politique	O
actuelle	O
dans	O
ce	O
domaine	O
.	O

Comment	O
ne	O
pas	O
être	O
étonné	O
que	O
l'	O
Etat	O
finance	O
,	O
avec	O
des	O
subventions	O
démesurées	O
par	O
rapport	O
à	O
l'	O
objectif	O
,	O
une	O
industrie	I
éolienne	I
dont	O
les	O
principaux	O
acteurs	O
sont	O
étrangers	O
à	O
l'	O
économie	O
nationale	O
.	O

Nous	O
comprenons	O
,	O
alors	O
,	O
que	O
l'	O
implantation	I
de	O
ferme	I
d'	I
éolienne	I
réponde	O
à	O
un	O
impératif	O
financier	O
plus	O
qu'	O
écologique	I
et	O
que	O
bien	O
évidement	O
la	O
question	O
humaine	O
restera	O
étrangère	O
aux	O
projets	O
.	O

Que	O
pèsera	O
l'	O
avis	O
des	O
citoyens	O
sur	O
un	O
projet	O
d'	O
implantation	I
d'	O
éolienne	I
sur	O
une	O
petite	O
commune	O
rurale	O
face	O
au	O
pouvoir	O
financier	O
et	O
politique	O
des	O
investisseurs	O
?	O

De	O
plus	O
,	O
pourquoi	O
toujours	O
donner	O
des	O
subventions	O
aux	O
grosses	O
entreprises	O
,	O
que	O
ce	O
soit	O
en	O
matière	O
d'	O
environnement	I
comme	O
ici	O
ou	O
d'	O
emploi	O
comme	O
les	O
allégements	O
de	O
charges	O
sociales	O
,	O
sans	O
contrepartie	O
?	O

Sachant	O
qu'	O
un	O
kW	I
est	O
plus	O
cher	O
à	O
produire	O
qu'	O
à	O
économiser	O
,	O
ne	O
serait-il	O
pas	O
plus	O
judicieux	O
pour	O
le	O
législateur	O
de	O
promouvoir	O
de	O
manière	O
plus	O
significative	O
l'	O
isolation	O
des	O
logements	O
neufs	O
et	O
anciens	O
?	O

Après	O
avoir	O
si	O
longtemps	O
favorisé	O
le	O
chauffage	O
électrique	I
,	O
notamment	O
avec	O
le	O
label	O
Vivrélec	I
,	O
un	O
soutien	O
important	O
à	O
une	O
parfaite	O
isolation	O
thermique	O
des	O
bâtiments	O
serait	O
le	O
bienvenu	O
.	O

Le	O
chauffage	O
électrique	I
sans	O
isolation	O
sérieuse	O
peut	O
être	O
assimilé	O
à	O
du	O
gaspillage	O
.	O

La	O
participation	O
du	O
chauffage	O
résidentiel	O
aux	O
émissions	I
de	I
gaz	I
à	I
effet	I
de	I
serre	I
est	O
de	O
19	O
%	O
en	O
France	I
,	O
à	O
rapprocher	O
des	O
5	O
%	O
émis	O
par	O
la	O
production	O
d'	O
énergie	I
,	O
confère	O
tableau	O
3	O
ci-dessous	O
.	O

Les	O
gaz	I
à	I
effet	I
de	I
serre	I
(	O
GES	I
)	O
sont	O
:	O
le	O
gaz	I
carbonique	I
CO2	I
,	O
le	O
méthane	I
CH4	I
,	O
l'	O
oxyde	I
d'	I
azote	I
N2O	I
,	O
les	O
hydrofluorures	I
de	I
carbone	I
HFC	I
,	O
les	O
perfluorures	I
de	I
carbone	I
PFC	I
,	O
l'	O
hexafluorure	I
de	I
soufre	I
SF6	I
.	O

Le	O
CITEPA	I
(	O
Centre	I
Intertechnique	I
pour	I
l'	I
Étude	I
de	I
la	I
Pollution	I
Atmosphérique	I
)	O
a	O
calculé	O
un	O
indice	O
permettant	O
de	O
tous	O
les	O
ramener	O
en	O
équivalent	O
CO2	I
afin	O
de	O
pouvoir	O
les	O
comparer	O
,	O
c'	O
est	O
le	O
Pouvoir	I
Réchauffant	I
Global	I
ou	O
PRG	I
.	O

Le	O
gaz	I
carbonique	I
représente	O
la	O
majeure	O
partie	O
du	O
PRG	I
produit	O
en	O
France	I
en	O
2003	O
soit	O
70	O
%	O
.	O

Agriculture	O
/	O
sylviculture	O
Transport	O
routier	O
Industries	O
manufacturières	O
Résidentiel	O
/	O
tertiaire	O
Transformation	I
d'	I
énergie	I
(	O
hors	O
production	I
d'	I
électricité	I
)	O
Production	I
d'	I
électricité	I
Autres	O
transports	O
Autres	O
sources	O
27	O
%	O
21	O
%	O
20	O
%	O
19	O
%	O
6	O
%	O
5	O
%	O
1	O
%	O
1	O
%	O

Tableau	O
3	O
:	O
PRG	I
total	O
français	O
décomposé	O
par	O
source	O
de	O
pollution	I
(	O
CITEPA	I
2003	O
)	O
La	O
meilleure	O
énergie	I
est	O
celle	O
que	O
l'	O
on	O
ne	O
consomme	O
pas	O
.	O

E.	I
Wommelsdorf	I
Membre	O
de	O
L'	O
Association	I
pour	I
le	I
Protection	I
Rurale	I
De	I
l'	I
Environnement	I
et	I
des	I
Sites	I
(	O
APRES	I
)	O
Sources	O
:	O
www.planete-eolienne.fr	O
association	O
de	O
promotion	O
de	O
l'	O
énergie	I
éolienne.	I
www.ventdecolere.org	O
association	O
de	O
lutte	O
contre	O
l'	O
éolien	I
industriel.	I
http://www.lem.univ-montp2.fr	O
/	O
Laboratoire	I
d'	I
Electrotechnique	I
de	I
Montpellier	I
(	O
LEM	I
)	O
pour	O
les	O
informations	O
sur	O
le	O
fonctionnement	O
d'	O
une	O
éolienne.	I
www.amisdelaterre.org	O
Site	O
des	O
Amis	I
de	I
la	I
Terre	I

