REPORT	O
FROM	O
THE	O
COMMISSION	I
TO	O
THE	O
COUNCIL	I
on	O
the	O
modalities	O
of	O
European	I
Union	I
participation	O
in	O
the	O
Council	I
of	I
Europe	I
Group	I
of	I
States	I
against	I
Corruption	I
(	O
GRECO	I
)	O

on	O
the	O
modalities	O
of	O
European	I
Union	I
participation	O
in	O
the	O
Council	I
of	I
Europe	I
Group	I
of	I
States	I
against	I
Corruption	I
(	O
GRECO	I
)	O

INTRODUCTION	O

As	O
called	O
for	O
by	O
the	O
Stockholm	I
Programme	I
,	O
the	O
Commission	I
submits	O
to	O
the	O
Council	I
this	O
Report	O
on	O
the	O
modalities	O
for	O
the	O
European	I
Union	I
to	O
accede	O
to	O
the	O
Council	I
of	I
Europe	I
Group	I
of	I
States	I
against	I
Corruption	I
(	O
GRECO	I
)	O
.	O

GRECO	I
is	O
the	O
most	O
inclusive	O
existing	O
anti-corruption	I
monitoring	I
mechanism	I
at	O
European	O
level	O
,	O
with	O
participation	O
of	O
all	O
EU	I
Member	O
States	O
.	O

GRECO	I
has	O
had	O
an	O
important	O
role	O
in	O
setting	O
certain	O
minimum	O
European	O
standards	O
for	O
a	O
legal	I
and	O
institutional	O
framework	O
to	O
combat	I
corruption	I
.	O

Yet	O
corruption	I
still	O
poses	O
serious	O
problems	O
in	O
some	O
Member	O
States	O
and	O
effective	O
results	O
are	O
not	O
achieved	O
consistently	O
across	O
the	O
EU	I
.	O

This	O
reinforces	O
the	O
Commission	I
's	O
belief	O
that	O
political	I
engagement	O
to	O
fight	I
corruption	I
remains	O
uneven	O
across	O
the	O
EU	I
.	O

The	O
Communication	O
on	O
an	O
EU	I
policy	I
against	I
corruption	I
recommends	O
EU	I
participation	O
in	O
GRECO	I
,	O
together	O
with	O
the	O
establishment	O
of	O
an	O
EU	I
anti-corruption	I
reporting	I
mechanism	I
.	O

This	O
should	O
provide	O
the	O
potential	O
to	O
stimulate	O
political	I
will	O
among	O
Member	O
States	O
and	O
render	O
the	O
existing	O
legal	I
and	O
institutional	O
framework	O
more	O
effective	O
.	O

This	O
Report	O
defines	O
the	O
main	O
objectives	O
of	O
reinforced	O
cooperation	O
between	O
the	O
EU	I
and	O
GRECO	I
and	O
analyses	O
possible	O
ways	O
and	O
benefits	O
for	O
EU	I
's	O
participating	O
in	O
the	O
work	O
of	O
GRECO	I
.	O

ROLE	O
AND	O
FUNCTIONING	O
OF	O
GRECO	I

GRECO	I
was	O
set	O
up	O
in	O
1999	O
by	O
the	O
Council	I
of	I
Europe	I
,	O
to	O
'	O
improve	O
the	O
capacity	O
of	O
its	O
members	O
to	O
fight	I
corruption	I
by	O
following	O
up	O
,	O
through	O
a	O
dynamic	O
process	O
of	O
mutual	O
evaluation	O
and	O
peer	O
pressure	O
,	O
compliance	I
with	O
their	O
undertakings	O
in	O
this	O
field	O
'	O
.	O

GRECO	I
now	O
has	O
49	O
members	O
(	O
48	O
European	O
states	O
and	O
the	O
United	I
States	I
of	I
America	I
)	O
.	O

The	O
work	O
of	O
GRECO	I
is	O
governed	O
by	O
its	O
Statute	I
and	O
Rules	I
of	I
Procedure	I
.	O

Each	O
member	O
appoints	O
up	O
to	O
two	O
representatives	O
in	O
plenary	O
meetings	O
with	O
the	O
right	I
to	I
vote	I
.	O

Members	O
also	O
provide	O
GRECO	I
with	O
a	O
list	O
of	O
experts	O
available	O
to	O
carry	O
out	O
evaluations	O
.	O

Evaluations	O
of	O
GRECO	I
members	O
are	O
divided	O
into	O
rounds	O
and	O
are	O
carried	O
out	O
against	O
the	O
standards	O
set	O
out	O
in	O
the	O
Twenty	O
Guiding	O
Principles	O
for	O
the	O
Fight	I
against	I
Corruption	I
,	O
the	O
Civil	I
Law	I
Convention	I
on	I
Corruption	I
and	O
the	O
Criminal	I
Law	I
Convention	I
on	I
Corruption	I
with	O
its	O
Additional	O
Protocol	O
.	O

GRECO	I
's	O
first	O
evaluation	O
round	O
took	O
place	O
in	O
2000	O
-	O
2002	O
and	O
covered	O
the	O
independence	O
,	O
specialisation	O
and	O
means	O
of	O
national	O
bodies	O
engaged	O
in	O
preventing	O
and	O
fighting	I
corruption	I
,	O
as	O
well	O
as	O
the	O
immunities	I
of	O
public	I
officials	I
.	O

The	O
second	O
evaluation	O
round	O
,	O
conducted	O
in	O
2003	O
-	O
2006	O
,	O
focused	O
on	O
the	O
seizure	I
and	O
confiscation	I
of	I
corruption	I
proceeds	I
,	O
the	O
prevention	O
and	O
detection	O
of	O
corruption	I
in	O
public	I
administration	I
,	O
and	O
the	O
prevention	O
and	O
fighting	I
of	I
corruption	I
in	O
the	O
private	I
sector	I
.	O

The	O
third	O
evaluation	O
round	O
,	O
started	O
in	O
January	O
2007	O
,	O
is	O
still	O
ongoing	O
.	O

It	O
covers	O
the	O
criminalisation	I
of	O
offences	I
in	O
accordance	O
with	O
the	O
Criminal	I
Law	I
Convention	I
on	I
Corruption	I
and	O
political	I
party	I
financing	I
.	O

Evaluation	O
reports	O
are	O
issued	O
after	O
discussion	O
with	O
the	O
state	O
evaluated	O
and	O
then	O
debated	O
and	O
endorsed	O
by	O
the	O
plenary	O
.	O

They	O
are	O
as	O
a	O
rule	I
confidential	I
,	O
but	O
may	O
be	O
published	O
with	O
the	O
consent	O
of	O
the	O
evaluated	O
state	O
.	O

Each	O
report	O
comprises	O
recommendations	O
the	O
country	O
is	O
requested	O
to	O
comply	O
with	O
in	O
a	O
certain	O
period	O
of	O
time	O
(	O
e.g.	O
18	O
months	O
)	O
.	O

A	O
compliance	I
procedure	O
is	O
conducted	O
to	O
check	O
the	O
follow-up	O
of	O
the	O
recommendations	O
and	O
ends	O
with	O
the	O
issuing	O
of	O
compliance	I
reports	I
,	O
possibly	O
with	O
addenda	O
.	O

ADDED	O
VALUE	O
OF	O
EU	I
PARTICIPATION	O
IN	O
THE	O
WORK	O
OF	O
GRECO	I

The	O
2007	O
Memorandum	I
of	I
Understanding	I
between	O
the	O
Council	I
of	I
Europe	I
and	O
the	O
European	I
Union	I
stipulates	O
that	O
legal	I
cooperation	O
covering	O
the	O
rule	I
of	I
law	I
(	O
including	O
fight	I
against	I
corruption	I
)	O
between	O
the	O
two	O
parties	O
should	O
be	O
further	O
developed	O
to	O
ensure	O
coherence	O
between	O
EU	I
law	I
and	O
Council	I
of	I
Europe	I
conventions	O
,	O
although	O
this	O
does	O
not	O
prevent	O
the	O
EU	I
from	O
adopting	O
more	O
far-reaching	O
rules	I
.	O

EU	I
participation	O
in	O
GRECO	I
was	O
already	O
outlined	O
as	O
a	O
key	O
element	O
of	O
EU	I
anti-corruption	I
policy	I
in	O
the	O
Communication	O
of	O
28	O
May	O
2003	O
.	O

Following	O
the	O
adoption	O
of	O
the	O
2003	O
Communication	O
,	O
different	O
possibilities	O
for	O
participation	O
were	O
explored	O
against	O
the	O
legal	I
competences	I
of	O
the	O
EU	I
under	O
the	O
Treaty	I
on	I
the	I
European	I
Union	I
and	O
the	O
Treaty	I
establishing	I
the	I
European	I
Community	I
.	O

Given	O
the	O
then	O
limited	O
Community	O
competence	O
with	O
regard	O
to	O
the	O
Council	I
of	I
Europe	I
's	O
Civil	I
and	O
Criminal	I
Law	I
Conventions	O
on	O
Corruption	I
,	O
a	O
decision	O
had	O
to	O
be	O
postponed	O
until	O
the	O
adoption	O
of	O
the	O
Lisbon	I
Treaty	I
.	O

The	O
Treaty	I
on	I
the	I
Functioning	I
of	I
the	I
European	I
Union	I
(	O
TFEU	I
)	O
provides	O
a	O
more	O
streamlined	O
EU	I
competence	O
on	O
anti-corruption	I
and	O
paves	O
the	O
way	O
for	O
a	O
reinforced	O
EU	I
anti-corruption	I
policy	I
,	O
including	O
participation	O
in	O
the	O
work	O
of	O
GRECO	I
.	O

Moreover	O
,	O
the	O
path	O
opened	O
by	O
EU	I
accession	O
to	O
the	O
UN	I
Convention	I
against	I
Corruption	I
(	O
UNCAC	I
)	O
would	O
be	O
strengthened	O
by	O
a	O
decision	O
to	O
join	O
the	O
European	O
regional	O
monitoring	I
mechanism	I
.	O

The	O
main	O
deficiency	O
of	O
anti-corruption	I
policies	I
in	O
the	O
EU-27	I
is	O
the	O
effective	O
implementation	O
of	O
the	O
existing	O
framework	O
.	O

GRECO	I
has	O
prompted	O
some	O
action	O
in	O
the	O
EU	I
Member	O
States	O
through	O
its	O
monitoring	O
process	O
,	O
notably	O
in	O
areas	O
less	O
regulated	O
at	O
international	O
level	O
(	O
e.g.	O
financing	I
of	I
political	I
parties	I
)	O
.	O

However	O
,	O
GRECO	I
's	O
capacity	O
to	O
generate	O
the	O
necessary	O
political	I
will	O
to	O
adopt	O
and	O
maintain	O
robust	O
anti-corruption	I
measures	I
has	O
certain	O
limitations	O
.	O

Also	O
,	O
GRECO	I
's	O
capacity	O
to	O
signal	O
systemic	O
problems	O
generated	O
by	O
corruption	I
has	O
on	O
some	O
occasions	O
proven	O
rather	O
weak	O
.	O

The	O
EU	I
's	O
active	O
participation	O
in	O
GRECO	I
's	O
work	O
may	O
thus	O
bring	O
benefits	O
to	O
both	O
organisations	O
,	O
combining	O
GRECO	I
expertise	O
in	O
monitoring	O
anti-corruption	I
efforts	O
and	O
the	O
political	I
role	O
of	O
EU	I
institutions	O
towards	O
an	O
effective	O
enforcement	I
of	O
anti-corruption	I
policies	I
in	O
the	O
EU-27	I
.	O

To	O
this	O
end	O
,	O
the	O
Commission	I
will	O
set	O
up	O
an	O
EU	I
anti-corruption	I
reporting	I
mechanism	I
.	O

The	O
EU	I
's	O
participation	O
in	O
GRECO	I
will	O
dovetail	O
the	O
new	O
EU	I
mechanism	O
.	O

Moreover	O
,	O
the	O
EU	I
's	O
participation	O
in	O
preparing	O
GRECO	I
evaluations	O
may	O
also	O
contribute	O
to	O
improve	O
the	O
methodology	O
and	O
outcome	O
of	O
these	O
evaluations	O
.	O

Within	O
the	O
EU	I
anti-corruption	I
reporting	I
mechanism	I
the	O
Commission	I
will	O
draw	O
on	O
input	O
from	O
GRECO	I
and	O
other	O
relevant	O
sources	O
including	O
information	O
obtained	O
within	O
the	O
framework	O
of	O
the	O
OECD	I
's	I
Convention	I
on	I
Combating	I
Bribery	I
of	I
Foreign	I
Officials	I
in	I
International	I
Business	I
Transactions	I
(	O
Anti-Bribery	I
Convention	I
)	O
and	O
the	O
UN	I
Convention	I
against	I
Corruption	I
.	O

In	O
the	O
light	O
of	O
the	O
above	O
,	O
the	O
following	O
specific	O
objectives	O
would	O
be	O
most	O
relevant	O
for	O
EU	I
participation	O
in	O
GRECO	I
:	O
Involvement	O
in	O
the	O
country	O
visits	O
leading	O
to	O
evaluations	O
of	O
EU	I
Member	O
States	O
and	O
/	O
or	O
candidate	O
countries	O
and	O
potential	O
candidates	O
,	O
should	O
the	O
latter	O
agree	O
;	O
Making	O
suggestions	O
on	O
draft	O
evaluation	O
reports	O
and	O
participation	O
in	O
GRECO	I
plenary	O
debates	O
on	O
the	O
evaluation	O
/	O
compliance	I
reports	I
for	O
EU	I
Member	O
States	O
and	O
/	O
or	O
the	O
candidate	O
countries	O
and	O
potential	O
candidates	O
,	O
should	O
the	O
latter	O
agree	O
;	O
Association	O
with	O
the	O
work	O
of	O
GRECO	I
's	O
Bureau	O
,	O
which	O
has	O
an	O
important	O
role	O
in	O
preparing	O
evaluations	O
and	O
drafting	O
the	O
reports	O
;	O
Contribution	O
to	O
GRECO	I
's	O
budget	I
;	O
Comparative	O
analysis	O
to	O
be	O
carried	O
out	O
by	O
GRECO	I
on	O
the	O
basis	O
of	O
the	O
existing	O
evaluation	O
and	O
compliance	I
reports	I
on	O
the	O
EU	I
Member	O
States	O
as	O
input	O
for	O
the	O
future	O
EU	I
Anti-Corruption	I
Report	I
;	O
Identifying	O
outstanding	O
GRECO	I
recommendations	O
of	O
relevance	O
for	O
the	O
EU	I
,	O
for	O
which	O
the	O
future	O
EU	I
reporting	I
mechanism	I
may	O
provide	O
additional	O
impetus	O
for	O
adequate	O
follow-up	O
.	O

These	O
specific	O
objectives	O
start	O
from	O
the	O
need	O
to	O
avoid	O
any	O
additional	O
burden	O
on	O
the	O
Member	O
State	O
administrations	I
and	O
duplication	O
of	O
efforts	O
with	O
work	O
already	O
covered	O
by	O
GRECO	I
.	O

With	O
a	O
view	O
to	O
ensuring	O
reciprocity	O
,	O
the	O
Commission	I
may	O
consider	O
modalities	O
of	O
participation	O
of	O
a	O
GRECO	I
representative	O
in	O
the	O
expert	O
group	O
that	O
will	O
be	O
set	O
up	O
to	O
support	O
the	O
work	O
on	O
the	O
EU	I
Anti-Corruption	I
Report	I
.	O

MODALITIES	O
OF	O
EU	I
PARTICIPATION	O
IN	O
THE	O
WORK	O
OF	O
GRECO	I

The	O
legal	I
framework	I
governing	O
GRECO	I
's	O
functioning	O
provides	O
for	O
two	O
forms	O
of	O
association	O
with	O
GRECO	I
's	O
work	O
:	O
observer	O
status	O
and	O
participation	O
,	O
each	O
analysed	O
below	O
.	O

As	O
regards	O
participation	O
,	O
two	O
alternatives	O
are	O
considered	O
:	O
full	O
membership	O
and	O
membership	O
with	O
limited	O
voting	I
rights	I
.	O

In	O
addition	O
,	O
the	O
alternative	O
of	O
a	O
joint	O
programme	O
is	O
analysed	O
.	O

The	O
first	O
assessment	O
below	O
is	O
based	O
on	O
the	O
Commission	I
's	O
analysis	O
of	O
the	O
legal	I
and	O
practical	O
aspects	O
of	O
potential	O
reinforced	O
cooperation	O
with	O
GRECO	I
.	O

As	O
a	O
next	O
step	O
,	O
the	O
Commission	I
will	O
request	O
from	O
the	O
Council	I
the	O
authorisation	O
to	O
open	O
negotiations	O
for	O
EU	I
participation	O
in	O
GRECO	I
.	O

Status	O
of	O
observer	O

Statutory	I
Resolution	I
(	O
93	O
)	O
28	O
of	O
the	O
Council	I
of	I
Europe	I
's	O
Committee	I
of	I
Ministers	I
on	O
partial	O
and	O
enlarged	O
agreements	O
provides	O
for	O
the	O
possibility	O
of	O
certain	O
activities	O
to	O
be	O
carried	O
out	O
by	O
the	O
states	O
parties	O
jointly	O
with	O
one	O
or	O
more	O
non-member	O
states	O
,	O
through	O
enlarged	O
or	O
enlarged	O
partial	O
agreements	O
.	O

GRECO	I
was	O
created	O
by	O
means	O
of	O
an	O
enlarged	O
partial	O
agreement	O
.	O

Any	O
non-member	O
of	O
the	O
Council	I
of	I
Europe	I
and	O
any	O
international	O
organisation	O
may	O
be	O
invited	O
by	O
the	O
Committee	I
of	I
Ministers	I
to	O
take	O
part	O
as	O
an	O
observer	O
in	O
the	O
activities	O
of	O
an	O
enlarged	O
partial	O
agreement	O
.	O

The	O
Resolution	I
does	O
not	O
define	O
the	O
specifics	O
of	O
the	O
rights	I
and	O
obligations	O
of	O
observers	O
in	O
partial	O
and	O
enlarged	O
agreements	O
.	O

Therefore	O
,	O
the	O
general	O
provisions	O
of	O
Statutory	I
Resolution	I
(	O
93	O
)	O
26	O
of	O
the	O
Council	I
of	I
Europe	I
's	O
Committee	I
of	I
Ministers	I
on	O
observer	O
status	O
apply	O
.	O

According	O
to	O
these	O
,	O
observer	O
status	O
gives	O
no	O
right	I
to	O
be	O
represented	O
in	O
the	O
Committee	I
of	I
Ministers	I
or	O
the	O
Parliamentary	I
Assembly	I
,	O
unless	O
a	O
specific	O
decision	O
was	O
taken	O
by	O
one	O
of	O
these	O
organs	O
.	O

GRECO	I
has	O
granted	O
observer	O
status	O
to	O
the	O
OECD	I
and	O
the	O
UN	I
,	O
represented	O
by	O
the	O
UN	I
Office	I
on	I
Drugs	I
and	I
Crime	I
(	O
UNODC	I
)	O
.	O

This	O
practice	O
has	O
also	O
been	O
followed	O
in	O
other	O
partial	O
agreements	O
of	O
the	O
Council	I
of	I
Europe	I
.	O

No	O
budgetary	I
contribution	O
is	O
required	O
from	O
the	O
observer	O
.	O

While	O
the	O
invitation	O
of	O
the	O
EU	I
to	O
GRECO	I
as	O
an	O
observer	O
can	O
follow	O
observership	O
of	O
other	O
international	O
organisations	O
and	O
has	O
no	O
budgetary	I
implications	O
,	O
the	O
limited	O
scope	O
of	O
such	O
an	O
arrangement	O
and	O
its	O
low	O
added	O
value	O
discourage	O
this	O
option	O
.	O

Observer	O
status	O
can	O
ensure	O
only	O
limited	O
participation	O
in	O
the	O
evaluation	O
of	O
Member	O
States	O
.	O

It	O
would	O
not	O
allow	O
for	O
EU	I
involvement	O
in	O
the	O
overall	O
preparation	O
of	O
evaluations	O
and	O
hence	O
not	O
facilitate	O
focusing	O
on	O
matters	O
relevant	O
for	O
the	O
EU	I
.	O

Consequently	O
,	O
it	O
can	O
not	O
guarantee	O
the	O
needed	O
input	O
for	O
the	O
future	O
EU	I
Anti-Corruption	I
Report	I
.	O

Also	O
,	O
it	O
would	O
not	O
fully	O
comply	O
with	O
the	O
Stockholm	I
Programme	I
,	O
which	O
calls	O
for	O
the	O
development	O
of	O
a	O
comprehensive	O
anti-corruption	I
policy	I
in	O
close	O
cooperation	O
with	O
GRECO	I
.	O

Participation	O

Statutory	I
Resolution	I
(	O
93	O
)	O
28	O
of	O
the	O
Council	I
of	I
Europe	I
's	O
Committee	I
of	I
Ministers	I
has	O
a	O
broad	O
provision	O
for	O
the	O
(	O
former	O
)	O
European	I
Community	I
's	O
participation	O
in	O
partial	O
and	O
enlarged	O
agreements	O
,	O
stipulating	O
that	O
the	O
modalities	O
of	O
participation	O
are	O
to	O
be	O
determined	O
in	O
the	O
invitation	O
to	O
participate	O
.	O

GRECO	I
's	O
Statute	I
reiterates	O
this	O
,	O
mentioning	O
that	O
the	O
modalities	O
of	O
the	O
(	O
former	O
)	O
Community	O
's	O
participation	O
in	O
GRECO	I
are	O
to	O
be	O
determined	O
in	O
the	O
resolution	I
inviting	O
it	O
to	O
participate	O
.	O

GRECO	I
's	O
Rules	I
of	I
Procedure	I
provide	O
in	O
Rule	I
2	O
that	O
the	O
(	O
former	O
)	O
European	I
Community	I
may	O
become	O
a	O
'	O
member	O
'	O
of	O
GRECO	I
through	O
the	O
following	O
means	O
:	O
Upon	O
invitation	O
of	O
the	O
Council	I
of	I
Europe	I
's	O
Committee	I
of	I
Ministers	I
to	O
participate	O
in	O
GRECO	I
.	O

To	O
this	O
end	O
,	O
a	O
proposal	O
should	O
be	O
made	O
by	O
GRECO	I
and	O
endorsed	O
by	O
its	O
Statutory	I
Committee	I
.	O

The	O
formal	O
invitation	O
takes	O
the	O
form	O
of	O
a	O
Resolution	I
adopted	O
by	O
the	O
Committee	I
of	I
Ministers	I
,	O
followed	O
by	O
an	O
agreement	O
with	O
the	O
EU	I
,	O
via	O
an	O
exchange	O
of	O
letters	O
;	O
Accession	O
to	O
the	O
Criminal	I
Law	I
Convention	I
on	I
Corruption	I
,	O
upon	O
invitation	O
by	O
the	O
Committee	I
of	I
Ministers	I
;	O
Accession	O
to	O
the	O
Civil	I
Law	I
Convention	I
on	I
Corruption	I
.	O

To	O
date	O
,	O
the	O
EU	I
participates	O
in	O
partial	O
agreements	O
such	O
as	O
the	O
Venice	I
Commission	I
and	O
the	O
Cooperation	O
Group	O
for	O
the	O
prevention	O
of	O
,	O
protection	O
against	O
and	O
organisation	O
of	O
relief	O
in	O
major	O
natural	O
and	O
technological	O
disasters	O
.	O

The	O
EU	I
is	O
also	O
member	O
of	O
the	O
European	I
Pharmacopoeia	I
Convention	I
and	O
of	O
the	O
European	I
Audiovisual	I
Observatory	I
,	O
as	O
well	O
as	O
participant	O
to	O
a	O
large	O
number	O
of	O
Council	I
of	I
Europe	I
partial	O
agreements	O
.	O

Given	O
that	O
the	O
GRECO	I
Statute	I
refers	O
to	O
EU	I
participation	O
in	O
GRECO	I
and	O
that	O
the	O
GRECO	I
rules	I
of	I
procedure	I
refer	O
to	O
'	O
membership	O
'	O
,	O
participation	O
therefore	O
assumes	O
a	O
form	O
of	O
membership	O
the	O
details	O
of	O
which	O
are	O
established	O
in	O
a	O
specific	O
agreement	O
.	O

Consequently	O
,	O
this	O
Report	O
analyses	O
two	O
modalities	O
of	O
participation	O
:	O
full	O
membership	O
(	O
i.e.	O
full	O
voting	I
rights	I
)	O
and	O
membership	O
with	O
limited	O
voting	I
rights	I
.	O

Full	O
membership	O

Full-fledged	O
membership	O
would	O
give	O
the	O
EU	I
voting	I
rights	I
in	O
the	O
GRECO	I
plenary	O
on	O
all	O
matters	O
under	O
GRECO	I
competence	O
(	O
e.g.	O
evaluation	O
/	O
compliance	I
reports	I
,	O
procedural	O
matters	O
,	O
financial	I
/	O
budgetary	I
issues	O
)	O
.	O

As	O
the	O
EU	I
will	O
not	O
act	O
on	O
behalf	O
of	O
the	O
Member	O
States	O
in	O
the	O
GRECO	I
plenary	O
,	O
it	O
would	O
have	O
one	O
vote	I
,	O
as	O
all	O
other	O
members	O
.	O

According	O
to	O
Article	O
8(6	O
)	O
of	O
the	O
GRECO	I
Statute	I
,	O
'	O
members	O
of	O
GRECO	I
participating	O
in	O
the	O
mutual	O
evaluation	O
shall	O
have	O
the	O
right	I
to	I
vote	I
'	O
.	O

Although	O
the	O
EU	I
is	O
not	O
party	O
to	O
the	O
Council	I
of	I
Europe	I
's	O
Criminal	I
and	O
Civil	I
Law	I
Conventions	O
on	O
Corruption	I
,	O
according	O
to	O
the	O
GRECO	I
regulatory	I
framework	I
,	O
it	O
may	O
still	O
be	O
evaluated	O
.	O

The	O
evaluation	O
of	O
the	O
EU	I
institutions	O
would	O
concern	O
mainly	O
the	O
Twenty	O
Guiding	O
Principles	O
for	O
the	O
Fight	I
against	I
Corruption	I
and	O
would	O
assume	O
a	O
form	O
of	O
prior	O
endorsement	O
(	O
possibly	O
a	O
unilateral	O
statement	O
)	O
of	O
these	O
principles	O
.	O

Through	O
accession	O
to	O
UNCAC	I
,	O
a	O
precedent	O
has	O
been	O
created	O
for	O
full-fledged	O
membership	O
of	O
the	O
EU	I
in	O
an	O
organisation	O
that	O
also	O
carries	O
out	O
reviews	O
of	O
its	O
members	O
.	O

However	O
,	O
in	O
the	O
case	O
of	O
UNCAC	I
,	O
the	O
EU	I
is	O
not	O
currently	O
participating	O
in	O
the	O
mutual	O
review	O
process	O
.	O

Under	O
this	O
option	O
,	O
the	O
EU	I
would	O
participate	O
fully	O
in	O
the	O
evaluation	O
procedure	O
of	O
Member	O
States	O
,	O
as	O
well	O
as	O
candidate	O
countries	O
,	O
potential	O
candidates	O
,	O
and	O
other	O
third	O
countries	O
.	O

Consequently	O
,	O
the	O
EU	I
would	O
be	O
able	O
to	O
have	O
a	O
representative	O
nominated	O
in	O
GRECO	I
's	O
Bureau	O
according	O
to	O
the	O
applicable	O
rules	I
(	O
i.e.	O
rotating	O
basis	O
)	O
.	O

The	O
EU	I
would	O
be	O
member	O
of	O
GRECO	I
's	O
Statutory	I
Committee	I
,	O
which	O
has	O
decision-making	O
powers	O
on	O
budgetary	I
matters	O
.	O

All	O
other	O
rights	I
and	O
obligations	O
under	O
GRECO	I
's	O
Statute	I
and	O
Rules	I
of	I
Procedure	I
would	O
apply	O
to	O
the	O
EU	I
.	O

The	O
EU	I
would	O
become	O
a	O
contributor	O
to	O
the	O
GRECO	I
budget	I
.	O

The	O
impact	O
assessment	O
accompanying	O
the	O
Commission	I
Decision	I
on	O
the	O
setting	O
up	O
of	O
an	O
EU	I
reporting	I
mechanism	I
for	O
periodical	O
evaluation	O
estimated	O
the	O
potential	O
financial	I
costs	I
of	O
EU	I
participation	O
in	O
GRECO	I
at	O
about	O
450,000	O
Euros	O
per	O
year	O
.	O

This	O
would	O
cover	O
the	O
contribution	O
to	O
the	O
GRECO	I
budget	I
(	O
i.e.	O
around	O
300,000	O
euros	O
for	O
a	O
major	O
contributor	O
)	O
and	O
the	O
cost	I
of	O
activities	O
not	O
currently	O
carried	O
out	O
by	O
GRECO	I
that	O
would	O
mainly	O
benefit	O
the	O
EU	I
(	O
e.g.	O
comparative	O
reports	O
and	O
identification	O
of	O
outstanding	O
recommendations	O
for	O
the	O
EU-27	I
)	O
.	O

Such	O
activities	O
may	O
be	O
financed	I
,	O
for	O
example	O
,	O
via	O
service	O
contracts	I
or	O
action	I
grants	I
.	O

This	O
option	O
has	O
a	O
high	O
potential	O
to	O
meet	O
all	O
the	O
specific	O
objectives	O
mentioned	O
in	O
section	O
3	O
.	O

It	O
would	O
also	O
ensure	O
:	O
high	O
visibility	O
of	O
the	O
EU-GRECO	I
cooperation	O
;	O
complementarity	O
between	O
GRECO	I
and	O
the	O
future	O
EU	I
reporting	I
mechanism	I
;	O
potential	O
to	O
ensure	O
further	O
improvements	O
in	O
the	O
GRECO	I
evaluation	O
system	O
;	O
greater	O
focus	O
on	O
EU	I
policy	I
areas	I
.	O

However	O
,	O
evaluation	O
of	O
EU	I
institutions	O
by	O
GRECO	I
is	O
an	O
endeavour	O
that	O
needs	O
to	O
be	O
assessed	O
in	O
more	O
depth	O
in	O
terms	O
of	O
requisites	O
,	O
feasibility	O
and	O
potential	O
impact	O
,	O
the	O
GRECO	I
evaluation	O
system	O
being	O
geared	O
to	O
countries	O
rather	O
than	O
organisations	O
.	O

While	O
some	O
of	O
the	O
Twenty	O
Guiding	O
Principles	O
may	O
be	O
applied	O
to	O
organisations	O
as	O
well	O
(	O
e.g.	O
integrity	I
in	O
public	I
administration	I
)	O
,	O
an	O
evaluation	O
under	O
the	O
current	O
GRECO	I
procedures	O
would	O
not	O
be	O
comprehensive	O
and	O
its	O
added	O
value	O
rather	O
unclear	O
for	O
both	O
GRECO	I
and	O
the	O
Union	O
.	O

Without	O
the	O
evaluation	O
of	O
EU	I
institutions	O
by	O
GRECO	I
,	O
the	O
EU	I
would	O
not	O
have	O
full	O
voting	I
rights	I
in	O
the	O
GRECO	I
plenary	O
.	O

Membership	O
with	O
limited	O
voting	I
rights	I

GRECO	I
Statute	I
stipulates	O
that	O
the	O
modalities	O
of	O
the	O
EU	I
's	O
participation	O
will	O
be	O
determined	O
in	O
the	O
resolution	I
inviting	O
it	O
to	O
participate	O
,	O
without	O
any	O
specific	O
indication	O
as	O
to	O
the	O
type	O
of	O
participation	O
.	O

Thus	O
,	O
EU	I
participation	O
may	O
also	O
take	O
the	O
form	O
of	O
membership	O
with	O
limited	O
voted	I
rights	I
.	O

Such	O
an	O
alternative	O
may	O
not	O
require	O
evaluation	O
of	O
the	O
EU	I
by	O
GRECO	I
,	O
but	O
would	O
imply	O
the	O
creation	O
of	O
a	O
framework	O
for	O
a	O
further	O
joint	O
assessment	O
by	O
the	O
two	O
organisations	O
of	O
the	O
requisites	O
,	O
feasibility	O
and	O
potential	O
impact	O
of	O
the	O
evaluation	O
of	O
EU	I
institutions	O
,	O
taking	O
account	O
of	O
the	O
specificities	O
and	O
competences	O
of	O
the	O
EU	I
.	O

However	O
,	O
in	O
its	O
50th	O
meeting	O
,	O
the	O
GRECO	I
plenary	O
stressed	O
that	O
,	O
while	O
acknowledging	O
that	O
special	O
arrangements	O
might	O
be	O
necessary	O
to	O
accommodate	O
to	O
the	O
particularities	O
of	O
the	O
EU	I
,	O
the	O
evaluation	O
of	O
EU	I
institutions	O
by	O
GRECO	I
must	O
be	O
more	O
than	O
just	O
a	O
remote	O
possibility	O
(	O
i.e.	O
the	O
assessment	O
would	O
need	O
to	O
progressively	O
lead	O
to	O
EU	I
's	O
evaluation	O
)	O
.	O

Under	O
this	O
option	O
,	O
the	O
EU	I
becomes	O
a	O
contributor	O
to	O
the	O
GRECO	I
budget	I
,	O
with	O
a	O
slightly	O
reduced	O
contribution	O
than	O
in	O
the	O
case	O
of	O
full	O
membership	O
.	O

The	O
EU	I
would	O
have	O
the	O
right	I
to	I
vote	I
on	O
procedural	O
,	O
financial	I
and	O
budgetary	I
issues	O
.	O

It	O
would	O
have	O
no	O
right	I
to	I
vote	I
in	O
the	O
GRECO	I
plenary	O
on	O
the	O
adoption	O
of	O
evaluation	O
and	O
compliance	I
reports	I
,	O
no	O
representative	O
in	O
the	O
GRECO	I
's	O
Bureau	O
and	O
would	O
not	O
participate	O
in	O
the	O
elections	I
for	O
president	O
and	O
vice-president	O
.	O

The	O
EU	I
would	O
appoint	O
representatives	O
to	O
the	O
GRECO	I
plenary	O
,	O
participate	O
in	O
its	O
debates	O
,	O
make	O
recommendations	O
on	O
evaluation	O
/	O
compliance	I
reports	I
,	O
and	O
possibly	O
have	O
a	O
representative	O
participating	O
as	O
an	O
observer	O
in	O
the	O
country	O
visits	O
in	O
the	O
Member	O
States	O
,	O
candidate	O
countries	O
,	O
potential	O
candidates	O
,	O
and	O
other	O
states	O
accepting	O
such	O
participation	O
.	O

The	O
EU	I
would	O
be	O
able	O
to	O
formulate	O
suggestions	O
as	O
to	O
the	O
organisation	O
of	O
evaluations	O
and	O
their	O
follow-up	O
.	O

The	O
practical	O
arrangements	O
for	O
EU	I
participation	O
in	O
GRECO	I
would	O
be	O
reviewed	O
by	O
the	O
Commission	I
jointly	O
with	O
GRECO	I
on	O
a	O
periodical	O
basis	O
(	O
e.g.	O
every	O
5	O
years	O
)	O
,	O
and	O
potential	O
amendments	O
may	O
be	O
adopted	O
by	O
mutual	O
agreement	O
between	O
GRECO	I
and	O
the	O
EU	I
.	O

This	O
option	O
would	O
ensure	O
input	O
to	O
the	O
future	O
EU	I
Anti-Corruption	I
Report	I
:	O
i.e.	O
a	O
comparative	O
analysis	O
carried	O
out	O
by	O
GRECO	I
based	O
on	O
the	O
existing	O
evaluation	O
and	O
compliance	I
reports	I
on	O
Member	O
States	O
and	O
flagging	O
of	O
the	O
most	O
relevant	O
outstanding	O
recommendations	O
.	O

It	O
would	O
largely	O
meet	O
the	O
specific	O
objectives	O
mentioned	O
in	O
section	O
3	O
,	O
allowing	O
EU	I
participation	O
in	O
the	O
evaluation	O
of	O
Member	O
States	O
.	O

Although	O
it	O
would	O
not	O
have	O
any	O
decision-making	O
power	O
in	O
the	O
evaluation	O
process	O
,	O
the	O
EU	I
may	O
be	O
actively	O
involved	O
in	O
implementation	O
and	O
prompt	O
actions	O
which	O
may	O
ensure	O
additional	O
focus	O
on	O
policy	I
areas	I
more	O
relevant	O
for	O
the	O
EU	I
.	O

Cooperation	O
between	O
GRECO	I
and	O
the	O
EU	I
would	O
gain	O
political	I
weight	O
,	O
and	O
duplication	O
would	O
be	O
avoided	O
.	O

The	O
issue	O
of	O
the	O
evaluation	O
of	O
EU	I
institutions	O
by	O
GRECO	I
would	O
need	O
to	O
be	O
clarified	O
as	O
a	O
matter	O
of	O
priority	O
in	O
negotiations	O
.	O

The	O
advantages	I
of	O
a	O
simplified	O
form	O
of	O
participation	O
are	O
however	O
clearer	O
where	O
the	O
EU	I
would	O
not	O
be	O
required	O
to	O
commit	O
to	O
the	O
evaluation	O
of	O
its	O
institutions	O
.	O

Joint	O
programme	O

This	O
would	O
assume	O
EU	I
financial	I
assistance	O
to	O
GRECO	I
in	O
the	O
form	O
of	O
a	O
grant	I
for	O
the	O
delivery	O
of	O
specific	O
predefined	O
results	O
and	O
may	O
span	O
a	O
set	O
period	O
of	O
time	O
(	O
2	O
-	O
3	O
years	O
)	O
,	O
with	O
the	O
possibility	O
of	O
periodical	O
renewal	O
.	O

Such	O
a	O
solution	O
for	O
targeted	O
cooperation	O
between	O
the	O
EU	I
and	O
GRECO	I
has	O
already	O
been	O
implemented	O
.	O

For	O
example	O
,	O
the	O
Council	I
of	I
Europe	I
participates	O
in	O
the	O
Eastern	O
Partnership	O
as	O
a	O
privileged	O
partner	O
,	O
supporting	O
with	O
its	O
expertise	O
the	O
EU	I
and	O
the	O
Eastern	O
Partnership	O
countries	O
.	O

To	O
give	O
some	O
political	I
weight	O
to	O
the	O
partnership	O
,	O
a	O
Memorandum	I
of	I
Understanding	I
or	O
an	O
agreement	O
may	O
be	O
concluded	O
with	O
GRECO	I
,	O
as	O
in	O
the	O
case	O
of	O
the	O
agreement	O
between	O
the	O
Council	I
of	I
Europe	I
and	O
the	O
EU	I
Agency	I
for	I
Fundamental	I
Rights	I
.	O

As	O
to	O
objectives	O
,	O
a	O
joint	O
programme	O
may	O
ensure	O
input	O
from	O
GRECO	I
to	O
the	O
future	O
EU	I
Anti-Corruption	I
Report	I
,	O
notably	O
through	O
comparative	O
analysis	O
of	O
existing	O
GRECO	I
evaluation	O
/	O
compliance	I
reports	I
on	O
Member	O
States	O
and	O
flagging	O
of	O
outstanding	O
recommendations	O
.	O

This	O
would	O
also	O
avoid	O
duplication	O
.	O

The	O
budget	I
involved	O
would	O
be	O
lower	O
than	O
that	O
needed	O
for	O
membership	O
with	O
limited	O
voting	I
rights	I
(	O
i.e.	O
roughly	O
around	O
200	O
-	O
250,000	O
Euros	O
per	O
year	O
,	O
covering	O
the	O
drafting	O
of	O
comparative	O
reports	O
,	O
logistical	O
costs	I
,	O
workshops	O
,	O
etc.	O
)	O
.	O

However	O
,	O
a	O
joint	O
programme	O
,	O
while	O
meeting	O
some	O
of	O
the	O
specific	O
objectives	O
,	O
would	O
not	O
meet	O
the	O
overall	O
objective	O
of	O
creating	O
synergies	O
between	O
GRECO	I
expertise	O
and	O
EU	I
political	I
leverage	O
.	O

Partnership	O
between	O
the	O
two	O
organisations	O
would	O
be	O
less	O
visible	O
and	O
EU	I
involvement	O
in	O
GRECO	I
's	O
evaluations	O
would	O
be	O
less	O
active	O
.	O

This	O
option	O
might	O
be	O
perceived	O
as	O
a	O
purely	O
technical	O
solution	O
,	O
with	O
the	O
EU	I
acting	O
more	O
as	O
a	O
contractor	I
rather	O
than	O
a	O
partner	O
.	O

It	O
would	O
thus	O
have	O
less	O
added	O
value	O
than	O
participation	O
in	O
GRECO	I
.	O

CONCLUSION	O

The	O
Council	I
is	O
invited	O
to	O
consider	O
the	O
options	O
identified	O
in	O
this	O
Report	O
.	O

Taking	O
into	O
account	O
the	O
increased	O
competences	O
of	O
the	O
EU	I
and	O
the	O
need	O
for	O
a	O
comprehensive	O
EU	I
policy	I
against	I
corruption	I
,	O
participation	O
in	O
GRECO	I
(	O
i.e.	O
membership	O
)	O
is	O
,	O
in	O
Commission	I
's	O
view	O
,	O
the	O
appropriate	O
way	O
forward	O
to	O
meet	O
the	O
objectives	O
set	O
by	O
the	O
Stockholm	I
Programme	I
.	O

As	O
the	O
future	O
EU	I
reporting	I
mechanism	I
aims	O
to	O
measure	O
anti-corruption	I
efforts	O
in	O
Member	O
States	O
,	O
with	O
a	O
view	O
to	O
identifying	O
EU	I
trends	O
and	O
proposing	O
policy	I
and	O
legal	I
action	I
at	O
EU	I
level	O
,	O
participation	O
in	O
GRECO	I
would	O
facilitate	O
the	O
monitoring	O
task	O
.	O

Cooperation	O
would	O
be	O
more	O
visible	O
and	O
the	O
risk	O
of	O
overlapping	O
avoided	O
.	O

In	O
addition	O
,	O
participation	O
as	O
a	O
full-fledged	O
member	O
or	O
a	O
member	O
with	O
limited	O
voting	I
rights	I
would	O
ensure	O
good	O
use	O
of	O
the	O
mutual	O
benefits	O
of	O
GRECO	I
's	O
expertise	O
in	O
monitoring	O
anti-corruption	I
efforts	O
and	O
the	O
EU	I
's	O
political	I
leverage	O
over	O
the	O
Member	O
States	O
.	O

It	O
is	O
thus	O
likely	O
to	O
contribute	O
,	O
jointly	O
with	O
the	O
future	O
EU	I
reporting	I
mechanism	I
,	O
to	O
creating	O
a	O
momentum	O
for	O
more	O
effective	O
enforcement	I
of	O
anti-corruption	I
policies	I
in	O
the	O
EU-27	I
.	O

The	O
Commission	I
has	O
held	O
some	O
preliminary	O
discussions	O
with	O
the	O
GRECO	I
Secretariat	O
,	O
with	O
a	O
view	O
to	O
identifying	O
the	O
main	O
matters	O
of	O
interest	O
and	O
potential	O
alternatives	O
in	O
terms	O
of	O
the	O
legal	I
and	O
practical	O
feasibility	O
of	O
EU	I
participation	O
in	O
GRECO	I
.	O

In	O
terms	O
of	O
practical	O
feasibility	O
,	O
membership	O
with	O
limited	O
voting	I
rights	I
would	O
seem	O
a	O
possible	O
and	O
suitable	O
option	O
to	O
be	O
considered	O
in	O
negotiations	O
.	O

However	O
,	O
a	O
key	O
issue	O
to	O
be	O
addressed	O
under	O
this	O
option	O
is	O
the	O
evaluation	O
of	O
EU	I
institutions	O
by	O
GRECO	I
,	O
whereby	O
evaluation	O
of	O
EU	I
institutions	O
would	O
commend	O
full	O
membership	O
.	O

The	O
actual	O
modalities	O
of	O
EU	I
participation	O
in	O
GRECO	I
(	O
e.g.	O
form	O
of	O
participation	O
,	O
participation	O
in	O
the	O
Council	I
of	I
Europe	I
bodies	O
,	O
practical	O
arrangements	O
,	O
budgetary	I
contribution	O
)	O
would	O
have	O
to	O
be	O
carefully	O
negotiated	O
with	O
GRECO	I
.	O

To	O
this	O
end	O
,	O
the	O
Commission	I
will	O
request	O
the	O
Council	I
to	O
authorise	O
the	O
opening	O
of	O
negotiations	O
for	O
the	O
EU	I
's	O
participation	O
in	O
GRECO	I
.	O

Negotiations	O
would	O
be	O
conducted	O
in	O
the	O
light	O
of	O
the	O
general	O
principles	O
of	O
cooperation	O
between	O
the	O
EU	I
and	O
the	O
Council	I
of	I
Europe	I
,	O
namely	O
:	O
specificity	O
and	O
limits	O
of	O
the	O
EU	I
's	O
competence	O
.	O

It	O
should	O
however	O
allow	O
the	O
EU	I
to	O
establish	O
higher	O
standards	O
within	O
its	O
borders	O
;	O
privileged	O
working	O
relationship	O
to	O
ensure	O
a	O
coordinated	O
approach	O
at	O
European	O
level	O
towards	O
corruption	I
.	O

For	O
the	O
EU	I
,	O
access	O
to	O
the	O
early	O
stages	O
of	O
evaluation	O
rounds	O
and	O
the	O
drafting	O
of	O
country	O
reports	O
,	O
as	O
well	O
as	O
the	O
comparative	O
analysis	O
of	O
Member	O
States	O
'	O
evaluations	O
and	O
the	O
flagging	O
of	O
outstanding	O
recommendations	O
,	O
would	O
be	O
essential	O
.	O

In	O
turn	O
,	O
EU	I
membership	O
would	O
enhance	O
the	O
visibility	O
of	O
GRECO	I
a	O
nd	O
provide	O
an	O
opportunity	O
for	O
GRECO	I
recommendations	O
to	O
be	O
considered	O
and	O
where	O
relevant	O
followed	O
up	O
within	O
the	O
EU	I
anti-corruption	I
reporting	I
mechanism	I
.	O

Finally	O
,	O
apart	O
from	O
the	O
agreement	O
with	O
the	O
GRECO	I
plenary	O
,	O
the	O
potential	O
participation	O
of	O
the	O
EU	I
in	O
GRECO	I
requires	O
endorsement	O
by	O
the	O
Council	I
of	I
Europe	I
's	O
Committee	I
of	I
Ministers	I
,	O
which	O
is	O
the	O
initiator	O
of	O
the	O
formal	O
participation	O
procedure	O
.	O

Accordingly	O
,	O
the	O
Communication	O
on	O
EU	I
policy	I
against	I
corruption	I
calls	O
upon	O
Member	O
States	O
to	O
fully	O
support	O
,	O
within	O
the	O
Council	I
of	I
Europe	I
's	O
Committee	I
of	I
Ministers	I
,	O
the	O
EU	I
's	O
application	O
for	O
participation	O
in	O
GRECO	I
.	O

LEGISLATIVE	I
FINANCIAL	I
STATEMENT	O
FOR	O
PROPOSALS	O

FRAMEWORK	O
OF	O
THE	O
PROPOSAL	O
/	O
INITIATIVE	O

Title	O
of	O
the	O
proposal	O
/	O
initiative	O

Commission	I
Decision	I
establishing	O
an	O
EU	I
anti-corruption	I
reporting	I
mechanism	I
for	O
periodic	O
assessment	O
(	O
'	O
EU	I
Anti-Corruption	I
Report	I
'	O
)	O
and	O
Report	O
on	O
modalities	O
of	O
EU	I
participation	O
in	O
Council	I
of	I
Europe	I
Group	I
of	I
States	I
against	I
Corruption	I
(	O
GRECO	I
)	O

Policy	I
area	I
(	O
s	O
)	O
concerned	O
in	O
the	O
ABM	I
/	O
ABB	I
structure	O

Home	I
Affairs	I

Security	O
and	O
Safeguarding	O
Liberties	O

Nature	O
of	O
the	O
proposal	O
/	O
initiative	O

The	O
proposal	O
/	O
initiative	O
relates	O
to	O
a	O
new	O
action	O

The	O
proposal	O
/	O
initiative	O
relates	O
to	O
a	O
new	O
action	O
following	O
a	O
pilot	O
project	O
/	O
preparatory	O
action	O

The	O
proposal	O
/	O
initiative	O
relates	O
to	O
the	O
extension	O
of	O
an	O
existing	O
action	O

The	O
proposal	O
/	O
initiative	O
relates	O
to	O
an	O
action	O
redirected	O
towards	O
a	O
new	O
action	O

Objectives	O

The	O
Commission	I
's	O
multiannual	O
strategic	O
objective	O
(	O
s	O
)	O
targeted	O
by	O
the	O
proposal	O
/	O
initiative	O

Stockholm	I
Action	I
Plan	I
â€“	O
Protection	O
against	O
Serious	I
and	O
Organized	I
Crime	I

Specific	O
objective	O
(	O
s	O
)	O
and	O
ABM	I
/	O
ABB	I
activity	O
(	O
ies	O
)	O
concerned	O

Specific	O
objective	O
No	O
2	O

Enhancing	O
the	O
EU	I
's	O
capacity	O
to	O
prevent	O
,	O
fight	O
and	O
limit	O
the	O
consequences	O
of	O
criminal	I
acts	I

Specific	O
sub-objectives	O
:	O

EU	I
Anti-Corruption	I
Report	I

1.	O
drafting	O
,	O
publication	O
and	O
dissemination	O
of	O
the	O
Report	O
.	O

2.	O
consultation	O
with	O
experts	O
(	O
i.e.	O
setting	O
up	O
of	O
an	O
expert	O
group	O
)	O
.	O

3.	O
civil	I
society	I
input	O
.	O

4.	O
setting	O
up	O
and	O
functioning	O
of	O
national	O
research	O
correspondents	O
network	O
.	O

5.	O
experience-sharing	O
programme	O

6.	O
comparative	O
analysis	O
and	O
flagging	O
of	O
outstanding	O
recommendations	O
for	O
the	O
EU	I
Member	O
States	O
based	O
on	O
information	O
available	O
with	O
the	O
GRECO	I
Secretariat	O
.	O

7	O
.	O

EU	I
membership	O
of	O
GRECO	I
.	O

ABM	I
/	O
ABB	I
activity	O
(	O
ies	O
)	O
concerned	O

1805	O
Security	O
and	O
Safeguarding	O
Liberties	O

Expected	O
result	O
(	O
s	O
)	O
and	O
impact	O

Specify	O
the	O
effects	O
which	O
the	O
proposal	O
/	O
initiative	O
should	O
have	O
on	O
the	O
beneficiaries	O
/	O
groups	O
targeted	O
.	O

The	O
EU	I
Anti-Corruption	I
Report	I
will	O
assess	O
periodically	O
the	O
anti-corruption	I
efforts	O
in	O
the	O
EU27	I
.	O

It	O
will	O
provide	O
a	O
clear	O
picture	O
of	O
the	O
state	O
of	O
play	O
in	O
the	O
Union	O
,	O
and	O
identify	O
weak	O
spots	O
and	O
EU	I
trends	O
,	O
with	O
the	O
view	O
to	O
prompt	O
additional	O
political	I
will	O
of	O
the	O
Member	O
States	O
to	O
adress	O
corruption	I
and	O
to	O
prepare	O
future	O
EU	I
policy	I
actions	O
.	O

EU	I
participation	O
in	O
GRECO	I
would	O
ensure	O
that	O
synergies	O
are	O
created	O
between	O
the	O
two	O
mechanisms	O
.	O

Indicators	O
of	O
results	O
and	O
impact	O

Specify	O
the	O
indicators	O
for	O
monitoring	O
implementation	O
of	O
the	O
proposal	O
/	O
initiative	O
.	O

The	O
EU	I
Anti-Corruption	I
Report	I
will	O
be	O
managed	O
by	O
the	O
Commission	I
and	O
published	O
every	O
two	O
years	O
.	O

The	O
Commission	I
will	O
be	O
assisted	O
by	O
an	O
expert	O
group	O
,	O
a	O
network	O
of	O
local	O
research	O
correspondents	O
and	O
civil	I
society	I
assessments	O
.	O

The	O
Commission	I
will	O
constantly	O
supervise	O
the	O
activity	O
of	O
the	O
experts	O
and	O
the	O
input	O
of	O
the	O
research	O
correspondents	O
and	O
civil	I
society	I
.	O

At	O
each	O
assessment	O
round	O
the	O
follow-up	O
of	O
the	O
recommendations	O
of	O
previous	O
reports	O
will	O
be	O
scrutinised	O
.	O

Following	O
the	O
adoption	O
of	O
the	O
Report	O
on	O
modalities	O
of	O
EU	I
participation	O
in	O
GRECO	I
,	O
the	O
Commission	I
will	O
ask	O
the	O
Council	I
to	O
authorize	O
the	O
opening	O
of	O
negotiations	O
with	O
the	O
Council	I
of	I
Europe	I
.	O

In	O
case	O
of	O
EU	I
participation	O
in	O
GRECO	I
,	O
the	O
Commission	I
intends	O
to	O
review	O
the	O
practical	O
arrangements	O
for	O
participation	O
on	O
a	O
regular	O
basis	O
(	O
e.g.	O
every	O
5	O
years	O
)	O
,	O
based	O
on	O
the	O
results	O
of	O
the	O
reinforced	O
cooperation	O
.	O

Grounds	O
for	O
the	O
proposal	O
/	O
initiative	O

Requirement	O
(	O
s	O
)	O
to	O
be	O
met	O
in	O
the	O
short	O
or	O
long	O
term	O

The	O
Commission	I
will	O
select	O
at	O
each	O
assessment	O
round	O
a	O
number	O
of	O
cross-cutting	I
elements	I
relevant	O
at	O
EU	I
level	O
at	O
a	O
given	O
moment	O
,	O
as	O
well	O
as	O
aspects	O
specific	O
to	O
each	O
Member	O
State	O
.	O

These	O
will	O
be	O
assessed	O
against	O
certain	O
indicators	O
,	O
some	O
selected	O
in	O
line	O
with	O
already	O
existing	O
standards	O
,	O
and	O
some	O
newly	O
developed	O
.	O

The	O
Commission	I
will	O
be	O
assisted	O
by	O
:	O
an	O
expert	O
group	O
set	O
up	O
by	O
a	O
separate	O
Commission	I
Decision	I
(	O
to	O
be	O
adopted	O
soon	O
after	O
the	O
anti-corruption	I
package	O
)	O
advising	O
on	O
:	O
indicators	O
,	O
assessment	O
of	O
Member	O
States	O
'	O
performance	O
,	O
identifying	O
best	O
practices	O
and	O
EU	I
trends	O
,	O
recommendations	O
,	O
and	O
potential	O
EU	I
proposals	O
;	O
a	O
network	O
of	O
local	O
research	O
correspondents	O
,	O
set	O
up	O
by	O
the	O
Commission	I
through	O
procurement	I
procedures	I
and	O
formed	O
of	O
civil	I
society	I
and	O
academia	O
,	O
that	O
will	O
collect	O
relevant	O
information	O
in	O
each	O
Member	O
State	O
;	O
civil	I
society	I
assessments	O
(	O
to	O
be	O
contracted	O
through	O
targeted	O
calls	O
for	O
proposals	O
)	O
.	O

The	O
civil	I
society	I
organisations	O
will	O
be	O
encouraged	O
to	O
apply	O
for	O
subject	O
specific	O
assessments	O
of	O
Member	O
States	O
'	O
anti-corruption	I
efforts	O
.	O

The	O
development	O
of	O
an	O
experience	O
sharing	O
programme	O
may	O
be	O
considered	O
to	O
help	O
Member	O
States	O
,	O
local	O
NGOs	I
or	O
other	O
stakeholders	O
to	O
identify	O
best	O
practices	O
and	O
shortcomings	O
,	O
raise	O
awareness	O
or	O
provide	O
training	O
.	O

The	O
decision	O
to	O
set	O
up	O
such	O
programme	O
and	O
the	O
details	O
of	O
its	O
functioning	O
may	O
only	O
be	O
taken	O
/	O
clarified	O
at	O
a	O
later	O
stage	O
,	O
once	O
the	O
preparations	O
for	O
the	O
first	O
Report	O
are	O
more	O
advanced	O
.	O

Added	O
value	O
of	O
EU	I
involvement	O

The	O
Stockholm	I
Programme	I
recognises	O
corruption	I
as	O
a	O
trans-national	O
threat	O
that	O
challenges	O
EU	I
internal	O
security	O
.	O

There	O
is	O
a	O
need	O
for	O
action	O
at	O
EU	I
level	O
,	O
since	O
the	O
problems	O
associated	O
with	O
corruption	I
can	O
not	O
be	O
adequately	O
solved	O
by	O
Member	O
States	O
alone	O
.	O

Enhancing	O
fight	I
against	I
corruption	I
is	O
also	O
relevant	O
for	O
policy	I
areas	I
where	O
large	O
amounts	O
of	O
EU	I
resources	O
are	O
involved	O
.	O

The	O
EU	I
has	O
the	O
required	O
political	I
leverage	O
and	O
is	O
therefore	O
better	O
placed	O
to	O
act	O
as	O
a	O
catalyst	O
for	O
boosting	O
the	O
anti-corruption	I
policy	I
of	O
the	O
EU	I
and	O
Member	O
States	O
.	O

Lessons	O
learned	O
from	O
similar	O
experiences	O
in	O
the	O
past	O

To	O
date	O
there	O
is	O
no	O
mechanism	O
in	O
place	O
at	O
EU	I
level	O
to	O
measure	O
in	O
a	O
coherent	O
manner	O
the	O
enforcement	I
of	O
anti-corruption	I
policies	I
.	O

The	O
only	O
EU	I
monitoring	O
tool	O
that	O
also	O
covers	O
anti-corruption	I
issues	O
is	O
the	O
Cooperation	I
and	I
Verification	I
Mechanism	I
for	O
Romania	I
and	O
Bulgaria	I
which	O
has	O
managed	O
over	O
time	O
to	O
maintain	O
or	O
revive	O
a	O
certain	O
momentum	O
for	O
reforms	O
.	O

Based	O
on	O
annual	O
assessments	O
,	O
indices	O
and	O
qualitative	O
judgments	O
,	O
the	O
work	O
of	O
civil	I
society	I
organisations	O
,	O
like	O
Transparency	I
International	I
,	O
placed	O
corruption	I
squarely	O
on	O
the	O
political	I
agenda	O
in	O
many	O
countries	O
worldwide	O
and	O
generated	O
political	I
pressure	O
for	O
reforms	O
.	O

At	O
international	O
level	O
,	O
the	O
main	O
existing	O
evaluation	I
mechanisms	I
(	O
e.g.	O
GRECO	I
,	O
the	O
OECD	I
Working	I
Group	I
on	I
Bribery	I
and	O
the	O
UN	I
Convention	I
against	I
Corruption	I
)	O
,	O
in	O
spite	O
of	O
obvious	O
benefits	O
,	O
have	O
also	O
proven	O
their	O
limitations	O
,	O
notably	O
as	O
regards	O
prompting	O
additional	O
political	I
will	O
at	O
national	O
level	O
.	O

The	O
EU	I
has	O
a	O
unique	O
leverage	O
to	O
generate	O
this	O
political	I
will	O
.	O

The	O
new	O
EU	I
Anti-Corruption	I
Report	I
will	O
strive	O
to	O
be	O
fact-oriented	O
,	O
focused	O
,	O
outspoken	O
,	O
and	O
flexible	O
.	O

Coherence	O
and	O
possible	O
synergy	O
with	O
other	O
relevant	O
instruments	O

The	O
EU	I
anti-corruption	I
package	O
is	O
part	O
of	O
the	O
wider	O
Commission	I
's	O
strategic	O
initiative	O
on	O
the	O
protection	O
of	O
licit	I
economy	I
which	O
also	O
comprises	O
the	O
new	O
Commission	I
Anti-Fraud	I
Strategy	I
and	O
the	O
asset	I
recovery	I
legislative	I
initiative	O
.	O

The	O
current	O
proposal	O
is	O
fine-tuned	O
with	O
both	O
.	O

Implementation	O
with	O
a	O
start-up	O
period	O
from	O
the	O
date	O
of	O
the	O
adoption	O
of	O
Commission	I
Decision	I
in	O
the	O
case	O
of	O
the	O
EU	I
Anti-Corruption	I
Report	I
and	O
from	O
the	O
date	O
of	O
EU	I
accession	O
act	O
in	O
case	O
of	O
EU	I
participation	O
in	O
GRECO	I
.	O

This	O
Legislative	I
Financial	I
Framework	I
covers	O
the	O
first	O
five	O
years	O
of	O
implementation	O
.	O

followed	O
by	O
full-scale	O
operation	O
.	O

Management	O
mode	O
(	O
s	O
)	O
envisaged	O

Centralised	O
direct	O
management	O
by	O
the	O
Commission	I

Centralised	O
indirect	O
management	O
with	O
the	O
delegation	O
of	O
implementation	O
tasks	O
to	O
:	O
executive	O
agencies	O
;	O
bodies	O
set	O
up	O
by	O
the	O
Communities	O
;	O
national	O
public-sector	I
bodies	I
/	O
bodies	O
with	O
public-service	I
mission	O
;	O
persons	O
entrusted	O
with	O
the	O
implementation	O
of	O
specific	O
actions	O
pursuant	O
to	O
Title	O
V	O
of	O
the	O
Treaty	I
on	I
European	I
Union	I
and	O
identified	O
in	O
the	O
relevant	O
basic	O
act	O
within	O
the	O
meaning	O
of	O
Article	O
49	O
of	O
the	O
Financial	I
Regulation	I
.	O

Shared	O
management	O
with	O
the	O
Member	O
States	O

Decentralised	O
management	O
with	O
third	O
countries	O

Joint	O
management	O
with	O
international	O
organisations	O
(	O
to	O
be	O
specified	O
)	O

If	O
more	O
than	O
one	O
management	O
mode	O
is	O
indicated	O
,	O
please	O
provide	O
details	O
in	O
the	O
Comments	O
section	O
.	O

Comments	O

MANAGEMENT	O
MEASURES	O

Monitoring	O
and	O
reporting	I
rules	I

Specify	O
frequency	O
and	O
conditions	O
.	O

The	O
EU	I
Anti-Corruption	I
Report	I
will	O
be	O
published	O
every	O
two	O
years	O
,	O
starting	O
in	O
2013	O
.	O

The	O
implementation	O
is	O
subject	O
to	O
future	O
monitoring	O
and	O
evaluation	O
.	O

Potential	O
indicators	O
are	O
:	O
EU	I
's	O
CPI	I
ranking	O
,	O
national	O
anti-corruption	I
strategies	O
,	O
reported	I
experiences	O
with	O
corruption	I
,	O
instances	O
of	O
new	O
anti-corruption	I
policies	I
/	O
practices	O
,	O
number	O
of	O
peer	O
learning	O
activities	O
sponsored	O
by	O
the	O
Commission	I
,	O
levels	O
of	O
awareness	O
,	O
time	O
taken	O
to	O
transpose	I
and	O
implement	O
legislation	I
,	O
perceptions	O
of	O
transparency	I
.	O

GRECO	I
's	O
outstanding	O
recommendations	O
on	O
the	O
Member	O
States	O
will	O
be	O
picked	O
up	O
by	O
the	O
EU	I
reporting	I
mechanism	I
.	O

Management	O
and	O
control	O
system	O

Risk	O
(	O
s	O
)	O
identified	O
:	O
negative	O
reception	O
by	O
the	O
Member	O
States	O
,	O
fear	O
of	O
overlapping	O
with	O
other	O
existing	O
mechanisms	O
and	O
of	O
additional	O
burden	O
on	O
the	O
national	O
administrations	I
;	O
difficulties	O
in	O
gathering	O
information	O
and	O
/	O
or	O
lack	O
of	O
active	O
involvement	O
of	O
the	O
experts	O
,	O
researchers	O
and	O
civil	I
society	I
organisations	O
.	O

Control	O
method	O
(	O
s	O
)	O
envisaged	O

Regular	O
evaluations	O
of	O
the	O
effectiveness	O
of	O
the	O
new	O
reporting	I
mehanism	I
are	O
considered	O
,	O
with	O
the	O
first	O
evaluation	O
after	O
the	O
publication	O
of	O
two	O
EU	I
Anti-corruption	I
Reports	I
.	O

The	O
Commission	I
may	O
then	O
issue	O
evaluation	O
reports	O
every	O
5	O
years	O
and	O
based	O
on	O
the	O
findings	O
it	O
may	O
consider	O
any	O
further	O
amendment	O
to	O
or	O
other	O
possible	O
developments	O
of	O
the	O
mechanism	O
.	O

Measures	O
to	O
prevent	O
fraud	I
and	O
irregularities	I

Specify	O
existing	O
or	O
envisaged	O
prevention	O
and	O
protection	O
measures	O
.	O

The	O
preparatory	O
activities	O
with	O
financial	I
implications	O
(	O
i.e.	O
expert	O
group	O
,	O
network	O
of	O
research	O
correspondents	O
,	O
supporting	O
actions	O
for	O
the	O
drafting	O
of	O
the	O
Report	O
,	O
civil	I
society	I
input	O
,	O
potential	O
experience	O
sharing	O
programme	O
,	O
participation	O
in	O
GRECO	I
)	O
shall	O
be	O
subject	O
to	O
the	O
financial	I
control	O
of	O
the	O
Commission	I
and	O
to	O
the	O
audits	I
of	O
the	O
Court	I
of	I
Auditors	I
.	O

ESTIMATED	O
FINANCIAL	I
IMPACT	O
OF	O
THE	O
PROPOSAL	O
/	O
INITIATIVE	O

Heading	O
(	O
s	O
)	O
of	O
the	O
multiannual	O
financial	I
framework	I
and	O
expenditure	I
budget	I
line	I
(	I
s	I
)	I
affected	O

Existing	O
expenditure	I
budget	I
lines	I

In	O
order	O
of	O
multiannual	O
financial	I
framework	I
headings	O
and	O
budget	I
lines	I
.	O

The	O
human	O
resources	O
required	O
will	O
be	O
met	O
by	O
staff	O
from	O
the	O
DG	I
who	O
are	O
already	O
assigned	O
to	O
management	O
of	O
the	O
action	O
and	O
/	O
or	O
have	O
been	O
redeployed	O
within	O
the	O
DG	I
,	O
together	O
if	O
necessary	O
with	O
any	O
additional	O
allocation	O
which	O
may	O
be	O
granted	O
to	O
the	O
managing	O
DG	I
under	O
the	O
annual	O
allocation	O
procedure	O
and	O
in	O
the	O
light	O
of	O
budgetary	I
constraints	O
.	O

Description	O
of	O
tasks	O
to	O
be	O
carried	O
out	O
:	O

Officials	I
and	O
temporary	O
agents	O
Coordination	O
and	O
organisation	O
of	O
meetings	O
/	O
conferences	O
,	O
processing	O
and	O
assessment	O
of	O
information	O
,	O
secretarial	O
tasks	O
for	O
the	O
expert	O
group	O
and	O
network	O
of	O
research	O
correspondents	O
,	O
drafting	O
of	O
the	O
EU	I
Anti-Corruption	I
Reports	I
,	O
cooperation	O
with	O
GRECO	I
,	O
etc.	O

External	O
personnel	O

Compatibility	O
with	O
the	O
current	O
multiannual	O
financial	I
framework	I

Proposal	O
/	O
initiative	O
is	O
compatible	O
the	O
current	O
multiannual	O
financial	I
framework	I
.	O

Proposal	O
/	O
initiative	O
will	O
entail	O
reprogramming	O
of	O
the	O
relevant	O
heading	O
in	O
the	O
multiannual	O
financial	I
framework	I
.	O

Explain	O
what	O
reprogramming	O
is	O
required	O
,	O
specifying	O
the	O
budget	I
lines	I
concerned	O
and	O
the	O
corresponding	O
amounts	O
.	O

Proposal	O
/	O
initiative	O
requires	O
application	O
of	O
the	O
flexibility	O
instrument	O
or	O
revision	O
of	O
the	O
multiannual	O
financial	I
framework	I
.	O

Explain	O
what	O
is	O
required	O
,	O
specifying	O
the	O
headings	O
and	O
budget	I
lines	I
concerned	O
and	O
the	O
corresponding	O
amounts	O
.	O

Third-party	I
contributions	O

The	O
proposal	O
/	O
initiative	O
does	O
not	O
provide	O
for	O
co-financing	I
by	O
third	I
parties	I

The	O
proposal	O
/	O
initiative	O
provides	O
for	O
the	O
co-financing	I
estimated	O
below	O
:	O

GRECO	I
evaluations	O
have	O
led	O
to	O
important	O
changes	O
in	O
the	O
legal	I
and	O
institutional	O
setting	O
for	O
the	O
financing	I
of	I
political	I
parties	I
in	O
some	O
EU	I
Member	O
States	O
(	O
Slovenia	I
,	O
Finland	I
,	O
Estonia	I
,	O
Latvia	I
)	O
.	O

For	O
example	O
,	O
the	O
2005	O
GRECO	I
evaluation	O
report	O
did	O
not	O
alert	O
to	O
the	O
seriousness	O
of	O
the	O
systemic	O
problems	O
that	O
generated	O
a	O
chain	O
of	O
corruption	I
scandals	I
linked	O
with	O
the	O
financial	I
crisis	I
that	O
emerged	O
soon	O
afterwards	O
.	O

The	O
Bureau	O
is	O
composed	O
of	O
GRECO	I
's	O
President	O
and	O
Vice-President	O
,	O
and	O
five	O
other	O
representatives	O
of	O
the	O
GRECO	I
members	O
entitled	O
to	O
vote	I
.	O

The	O
Bureau	O
prepares	O
the	O
draft	O
annual	O
programme	O
of	O
activities	O
and	O
the	O
draft	O
annual	O
activity	O
report	O
,	O
makes	O
proposals	O
on	O
the	O
draft	I
budget	I
,	O
organises	O
country	O
visits	O
,	O
proposes	O
the	O
composition	O
of	O
evaluation	O
teams	O
,	O
prepares	O
the	O
agenda	O
for	O
the	O
GRECO	I
plenary	O
,	O
and	O
proposes	O
the	O
provisions	O
to	O
be	O
selected	O
for	O
evaluation	O
.	O

The	O
comparative	O
analysis	O
would	O
assume	O
additional	O
work	O
for	O
the	O
GRECO	I
Secretariat	O
.	O

However	O
,	O
it	O
will	O
be	O
based	O
on	O
the	O
existing	O
evaluation	O
/	O
compliance	I
reports	I
.	O

It	O
will	O
not	O
bring	O
an	O
additional	O
evaluation	O
step	O
.	O

It	O
will	O
only	O
assess	O
what	O
has	O
been	O
already	O
produced	O
by	O
GRECO	I
.	O

Since	O
membership	O
with	O
limited	O
voting	I
rights	I
assumes	O
a	O
more	O
limited	O
participation	O
in	O
the	O
evaluation	O
process	O
,	O
the	O
costs	I
entailed	O
by	O
these	O
activities	O
will	O
be	O
deducted	O
from	O
the	O
EU	I
contribution	O
to	O
the	O
GRECO	I
budget	I
(	O
i.e.	O
the	O
contribution	O
would	O
be	O
lower	O
than	O
300,000	O
Euros	O
per	O
year	O
)	O
.	O

ABM	I
:	O
Activity-Based	I
Management	I
â€“	O
ABB	I
:	O
Activity-Based	I
Budgeting	I
.	O

The	O
additional	O
division	O
in	O
sub-objectives	O
is	O
done	O
to	O
facilitate	O
the	O
calculation	O
of	O
the	O
breakdown	O
of	O
estimated	O
impact	O
on	O
expenditure	I
in	O
section	O
3.2	O
.	O

DA	O
=	O
Differentiated	O
appropriations	I
/	O
DNA	O
=	O
Non-Differentiated	O
Appropriations	I

EFTA	I
:	O
European	I
Free	I
Trade	I
Association	I
.	O

Candidate	O
countries	O
and	O
,	O
where	O
applicable	O
,	O
potential	O
candidate	O
countries	O
from	O
the	O
Western	O
Balkans	I
.	O

Technical	O
and	O
/	O
or	O
administrative	I
assistance	O
and	O
expenditure	I
in	O
support	O
of	O
the	O
implementation	O
of	O
EU	I
programmes	O
and	O
/	O
or	O
actions	O
(	O
former	O
BA	O
lines	O
)	O
,	O
indirect	O
research	O
,	O
direct	O
research	O
.	O

Outputs	O
are	O
products	O
and	O
services	O
to	O
be	O
supplied	O
(	O
e.g.	O
:	O
number	O
of	O
student	O
exchanges	O
financed	I
,	O
number	O
of	O
km	O
of	O
roads	O
built	O
,	O
etc.	O
)	O
.	O

Through	O
targeted	O
calls	O
for	O
proposals	O
within	O
the	O
EU	I
programme	O
for	O
prevention	O
and	O
fight	O
against	O
crime	I
(	O
call	O
targeting	O
financial	I
and	O
economic	I
crime	I
)	O
,	O
civil	I
society	I
organisations	O
will	O
be	O
encouraged	O
to	O
apply	O
for	O
subject	O
specific	O
assessments	O
of	O
Member	O
States	O
'	O
anti-corruption	I
efforts	O
.	O

The	O
exact	O
number	O
and	O
specific	O
target	O
of	O
each	O
contract	I
can	O
not	O
be	O
predicted	O
at	O
this	O
point	O
.	O

Public	I
procurement	I
procedures	I
.	O

The	O
contractor	I
will	O
be	O
tasked	O
to	O
set	O
up	O
the	O
network	O
of	O
27	O
local	O
research	O
correspondents	O
and	O
cover	O
the	O
coordination	O
/	O
logistic	O
aspects	O
.	O

The	O
decision	O
to	O
set	O
up	O
such	O
programme	O
and	O
the	O
details	O
of	O
its	O
functioning	O
may	O
only	O
be	O
taken	O
/	O
clarified	O
at	O
a	O
later	O
stage	O
,	O
once	O
the	O
preparations	O
for	O
the	O
first	O
Report	O
are	O
more	O
advanced	O
.	O

One	O
possibility	O
for	O
its	O
setting	O
up	O
would	O
be	O
via	O
procurement	I
procedures	I
(	O
i.e.	O
a	O
contractor	I
tasked	O
to	O
organise	O
a	O
number	O
of	O
roughly	O
5	O
experience-sharing	O
workshops	O
/	O
events	O
per	O
year	O
)	O
.	O

The	O
costs	I
were	O
estimated	O
for	O
approximately	O
50	O
participants	O
+	O
5	O
speakers	O
,	O
with	O
1,000	O
Euros	O
cost	I
/	O
person	O
and	O
an	O
overall	O
100,000	O
Euros	O
for	O
organisation	O
/	O
logistics	O
/	O
dissemination	O
/	O
communication	O
for	O
each	O
event	O
.	O

Technical	O
and	O
/	O
or	O
administrative	I
assistance	O
and	O
expenditure	I
in	O
support	O
of	O
the	O
implementation	O
of	O
EU	I
programmes	O
and	O
/	O
or	O
actions	O
(	O
former	O
BA	O
lines	O
)	O
,	O
indirect	O
research	O
,	O
direct	O
research	O
.	O

CA	O
=	O
Contract	I
Agent	O
;	O
INT	O
=	O
agency	O
staff	O
(	O
IntÃ©rimaire	O
)	O
;	O
JED	O
=	O
Jeune	O
Expert	O
en	O
DÃ©lÃ©gation	O
(	O
Young	O
Experts	O
in	O
Delegations	O
)	O
;	O
LA	O
=	O
Local	O
Agent	O
;	O
SNE	O
=	O
Seconded	O
National	O
Expert	O
;	O

