5-fluoro-uracile	Specific_Term
5fu	Specific_Term
abcès cardiaques para-annulaires	Specific_Term
abcès para-annulaires	Specific_Term
abdomen	Common_Term
abdominale	Common_Term
abdominales	Common_Term
ablation	Specific_Term
ac/fa	Specific_Term
accident embolique	Specific_Term
accident vasculaire cérébral	Specific_Term
accident vasculaire ischémique	Specific_Term
accidents ischémiques cérébraux	Specific_Term
accidents vasculaires cérébraux	Specific_Term
acide tout-trans-rétinoïque	Specific_Term
activation sympathique	Specific_Term
acv	Specific_Term
adiastolie	Specific_Term
adipeuse	Specific_Term
adipeux	Specific_Term
adipocyte	Specific_Term
admis	Common_Term
admise	Common_Term
admission	Common_Term
admissions	Common_Term
adrénergiques	Specific_Term
adrénoméduline	Specific_Term
adénome toxique	Specific_Term
adénopathies médiastinales	Specific_Term
adénosine	Specific_Term
adénoviraux	Specific_Term
adénovirus	Specific_Term
affection	Common_Term
affection cardiovasculaire	Specific_Term
affection circulatoire	Common_Term
affection systémique	Specific_Term
affections	Common_Term
affections respiratoires	Common_Term
agent antiprolifératif	Specific_Term
agents alkylants	Specific_Term
agents antiplaquettaires	Specific_Term
agents sympathicomimétiques	Specific_Term
agents tubulo-affins	Specific_Term
aigu	Common_Term
aigus	Common_Term
aiguë	Common_Term
aiguës	Common_Term
aire sous la courbe roc	OOD_Term
aki-dyskinésie apicale	Specific_Term
aldostérone	Specific_Term
alpha de cronbach	OOD_Term
ambulatoire	Specific_Term
ambulatoires	Specific_Term
amiodarone	Specific_Term
amlodipine	Specific_Term
amsacrine	Specific_Term
amylose	Specific_Term
amylose cardiaque	Specific_Term
amylose cardiaque sénile	Specific_Term
amyloses	Specific_Term
amyloses cardiaques	Specific_Term
amyloses cardiaques séniles	Specific_Term
amyloïde	Specific_Term
amyloïdose	Specific_Term
amyloïdose cardiaque	Specific_Term
amyloïdose cardiaque primitive	Specific_Term
amyloïdose cardiaque sénile	Specific_Term
amyloïdose primitive	Specific_Term
amyloïdose sénile	Specific_Term
analyse multivariée	OOD_Term
analyse spectrale	Specific_Term
analyse univariée	OOD_Term
analyses univariée	OOD_Term
anamnestiques	Specific_Term
anamnèse	Specific_Term
anasarque	Specific_Term
anatomie	Common_Term
anatomique	Common_Term
anatomopathologique	Specific_Term
androgénique	Specific_Term
anesthésie	Common_Term
anesthésie générale	Common_Term
anesthésique	Common_Term
anesthésiste	Common_Term
angine	Common_Term
angineux	Common_Term
angio-œdème	Specific_Term
angio-œdèmes	Specific_Term
angiographie	Specific_Term
angiomes	Specific_Term
angiopathie	Specific_Term
angioplastie	Specific_Term
angioplastie endoluminale	Specific_Term
angioscintigraphie	Specific_Term
angiotensine	Specific_Term
angiotensine 2	Specific_Term
angiotensine ii	Specific_Term
angiotensine il	Specific_Term
angor	Specific_Term
anneau tricuspide	Specific_Term
anorexigènes	Specific_Term
anp	Specific_Term
anse	Specific_Term
anse de henle	Specific_Term
antagoniste	Specific_Term
antagoniste du récepteur minéralocorticoïde	Specific_Term
antagoniste sélectif des récepteurs at1 de l'angiotensine ii	Specific_Term
antagonistes	Specific_Term
antagonistes de l'aldostérone	Specific_Term
antagonistes des récepteurs at1 de l'angiotensine ii	Specific_Term
antagonistes des récepteurs de l'aldostérone	Specific_Term
antagonistes des récepteurs de l'angiotensine ii	Specific_Term
antalgiques	Specific_Term
anthracyclines	Specific_Term
anti ro/ss-a	Specific_Term
anti-aldostérone	Specific_Term
anti-vitamines k	Specific_Term
antiarythmique	Specific_Term
antiarythmiques	Specific_Term
antibiothérapie	Specific_Term
antibiotique	Common_Term
anticancéreuses	Specific_Term
anticancéreux systémiques	Specific_Term
anticoagulant	Specific_Term
anticoagulants	Specific_Term
anticoagulation	Specific_Term
anticoagulation orale	Specific_Term
anticorps	Common_Term
anticorps anticytoplasme des polynucléaires neutrophiles	Specific_Term
antihypertenseur	Specific_Term
antihypertenseurs	Specific_Term
antimétabolites	Specific_Term
antipaludéens de synthèse	Specific_Term
antiplaquettaire	Specific_Term
antiplaquettaires	Specific_Term
antithrombotique	Specific_Term
antithyroïdiens de synthèse	Specific_Term
antitumoraux	Common_Term
antiviraux	Specific_Term
antivitamines k	Specific_Term
antéroseptales	Specific_Term
anémie	Specific_Term
anémie rénale	Specific_Term
anévrisme	Specific_Term
anévrisme de l'ampoule de galien	Specific_Term
anévrysme	Specific_Term
anévrysme mycotique	Specific_Term
aorte	Common_Term
aorte abdominale	Specific_Term
aortique	Common_Term
aortiques	Common_Term
apex	Specific_Term
apex ventriculaires	Specific_Term
apical	Specific_Term
apicale	Specific_Term
apnée	Specific_Term
apnée du sommeil	Specific_Term
apnées	Specific_Term
apnées du sommeil	Specific_Term
apnéiques	Specific_Term
apoptose	Specific_Term
aps	Specific_Term
apyrexie	Specific_Term
apyrétiques	Specific_Term
ara	Specific_Term
ara2	Specific_Term
arm messagers	Specific_Term
arn	Specific_Term
arn 16s	Specific_Term
arn messager	Specific_Term
arrêt cardiaque	Common_Term
arthralgies	Specific_Term
arthrite	Common_Term
arthrite chronique	Common_Term
arthrites	Specific_Term
articulaire	Specific_Term
articulaires	Specific_Term
artère	Common_Term
artère coronaire	Common_Term
artère rénale	Specific_Term
artères	Common_Term
artères rénales	Specific_Term
artériel	Common_Term
artérielle	Common_Term
artérielle systémique	Specific_Term
artérielles	Common_Term
artériellle	Common_Term
artériels	Common_Term
artériographie cérébrale	Specific_Term
artériopathie	Specific_Term
artériosclérose	Specific_Term
artérioveineuse	Specific_Term
arythmie	Specific_Term
arythmie auriculaire	Specific_Term
arythmie par fibrillation auriculaire	Specific_Term
arythmie ventriculaire	Specific_Term
arythmies	Specific_Term
arythmies cardiaques	Specific_Term
arythmies ventriculaires	Specific_Term
arythmogène	Specific_Term
arythmogènes	Specific_Term
as	Specific_Term
ascite	Specific_Term
aspergilloses	Specific_Term
aspirine	Common_Term
assistance circulatoire	Specific_Term
assistance circulatoire biventriculaire	Specific_Term
assistance circulatoire mécanique	Specific_Term
assistance ventriculaire	Specific_Term
assistances circulatoires	Specific_Term
asymptomatique	Common_Term
asymptomatiques	Common_Term
asynchronisme auriculo-ventriculaire	Specific_Term
asynchronisme av	Specific_Term
asynchronisme cardiaque	Specific_Term
asynchronisme interventriculaire	Specific_Term
asynchronisme intra- vg	Specific_Term
asystolie	Specific_Term
at1	Specific_Term
at2	Specific_Term
athérosclérose	Specific_Term
atp	Specific_Term
atriale	Specific_Term
atriobiventriculaire	Specific_Term
atrioventriculaire	Specific_Term
atrioventriculaires	Specific_Term
attaque d'apoplexie	Specific_Term
atteinte cardiaque	Common_Term
atteinte cardiaque chronique	Specific_Term
atteinte cérébrale	Specific_Term
atteinte laryngée	Specific_Term
atteinte médiastinale	Specific_Term
atteinte neurologique périphérique	Specific_Term
atteinte thyroïdienne	Specific_Term
atteinte valvulaire	Specific_Term
atteinte ventriculaire gauche	Specific_Term
atteintes cardiaques	Common_Term
atteintes cardiovasculaires	Specific_Term
aténolol	Specific_Term
auc	OOD_Term
auriculaire	Specific_Term
auriculaires	Specific_Term
auricule gauche	Specific_Term
auriculo-ventriculaire	Specific_Term
auriculo-ventriculaires	Specific_Term
auriculoventriculaire	Specific_Term
auriculoventriculaires	Specific_Term
auscultation	Specific_Term
auto-immun	Common_Term
av	Specific_Term
avitaminose b	Specific_Term
avk	Specific_Term
b-type natriuretic peptide	Specific_Term
bactériologique	Common_Term
bactériologiques	Common_Term
ballonisation apicale transitoire du ventricule gauche	Specific_Term
ballonnet intra-aortique	Specific_Term
baroréflexe	Specific_Term
battement	Common_Term
battements	Common_Term
batts	Common_Term
bav	Specific_Term
bav complet	Specific_Term
bav complet syncopal	Specific_Term
bilirubine	Specific_Term
biomarqueur	Specific_Term
biomarqueurs	Specific_Term
bioprothèse	Specific_Term
biopsie	Common_Term
biopsie endomyocardique	Specific_Term
biopsier	Specific_Term
biopsies	Common_Term
bisoprolol	Specific_Term
biventriculaire	Specific_Term
biventriculaires	Specific_Term
bloc atrio-ventriculaire	Specific_Term
bloc atrio-ventriculaire du premier degré	Specific_Term
bloc auriculo-ventriculaire	Specific_Term
bloc auriculo-ventriculaire complet	Specific_Term
bloc auriculo-ventriculaire rétrograde	Specific_Term
bloc auriculoventriculaire	Specific_Term
bloc complet de la branche gauche	Specific_Term
bloc de branche droit	Specific_Term
bloc de branche gauche	Specific_Term
blocage du système rénine-angiotensine	Specific_Term
blocs auriculoventriculaires	Specific_Term
bloqueurs du système rénine-angiotensine	Specific_Term
bnp	Specific_Term
bolus	Specific_Term
bosentan	Specific_Term
bpco	Specific_Term
bradycardie	Specific_Term
bradykinine	Specific_Term
brain natriuretic peptide	Specific_Term
breast cancer	Common_Term
bronchique	Common_Term
broncho-pneumopathie chronique obstructive	Specific_Term
bronchopneumopathie obstructive chronique	Specific_Term
bronchopulmonaire	Specific_Term
béribéri	Specific_Term
béribéri cardiaque	Specific_Term
bétabloquants	Specific_Term
bévacizumab	Specific_Term
bêta bloquants	Specific_Term
bêta-bloquant	Specific_Term
bêta-bloquants	Specific_Term
bêtabloquant	Specific_Term
bêtabloquants	Specific_Term
bêtabloqueur	Specific_Term
cachexie	Specific_Term
calcifications	Common_Term
calcifications péricardiques	Specific_Term
calcineurine	Specific_Term
canal artériel	Common_Term
cancers du sein	Common_Term
candesartan	Specific_Term
candésartan	Specific_Term
capacité fonctionnelle	Specific_Term
capillaire	Specific_Term
captopril	Specific_Term
carcinoïde	Specific_Term
carcinoïdes	Specific_Term
cardia-vasculaire	Specific_Term
cardiaque	Common_Term
cardiaques	Common_Term
cardiaques droites	Specific_Term
cardio-vasculaire	Specific_Term
cardio-vasculaires	Specific_Term
cardiogène	Specific_Term
cardiogénique	Specific_Term
cardiologie	Common_Term
cardiologique	Common_Term
cardiologue	Common_Term
cardiologues	Common_Term
cardiomyocyte	Specific_Term
cardiomyocytes	Specific_Term
cardiomyopathie	Specific_Term
cardiomyopathie diabétique	Specific_Term
cardiomyopathie dilaté	Specific_Term
cardiomyopathie dilatée	Specific_Term
cardiomyopathie dilatée hypokinétique	Specific_Term
cardiomyopathie dilatée péripartum	Specific_Term
cardiomyopathie du post-partum	Specific_Term
cardiomyopathie du péripartum	Specific_Term
cardiomyopathie du ventricule droit	Specific_Term
cardiomyopathie décompensée	Specific_Term
cardiomyopathie hypertrophique	Specific_Term
cardiomyopathie ischémique	Specific_Term
cardiomyopathie non ischémique	Specific_Term
cardiomyopathies	Specific_Term
cardiomyopathies arythmogènes	Specific_Term
cardiomyopathies arythmogènes dilatées	Specific_Term
cardiomyopathies arythmogènes du ventricule droit	Specific_Term
cardiomyopathies dilatées	Specific_Term
cardiomyopathies dilatées hypokinétiques	Specific_Term
cardiomyopathies hypertensives	Specific_Term
cardiomyoplastie	Specific_Term
cardiomyoplastie cellulaire	Specific_Term
cardiomégalie	Specific_Term
cardiomégalie radiologique	Specific_Term
cardiopathie	Specific_Term
cardiopathie carcinoïde	Specific_Term
cardiopathie ischémique	Specific_Term
cardiopathie obstructive	Specific_Term
cardiopathie restrictive	Specific_Term
cardiopathies	Specific_Term
cardiopathies chroniques	Specific_Term
cardiopathies chroniques décompensées	Specific_Term
cardiopathies hypertensives	Specific_Term
cardiopathies ischémiques	Specific_Term
cardiopulmonaire	Specific_Term
cardiopulmonaires	Specific_Term
cardiopédiatres	Specific_Term
cardiorénal	Specific_Term
cardiospécificité	Specific_Term
cardiothyréose	Specific_Term
cardiotoxicity	Specific_Term
cardiotoxicité	Specific_Term
cardiovasculaire	Specific_Term
cardiovasculaires	Specific_Term
cardiovascule	Specific_Term
cardioversion	Specific_Term
cardique	Common_Term
cardites rhumatismales	Specific_Term
carotidien	Specific_Term
catabolisme	Specific_Term
cathétérisme cardiaque	Specific_Term
causes de décès	Common_Term
cavité auriculaire droite	Specific_Term
cavités cardiaques	Specific_Term
cavités cardiaques droites	Specific_Term
ccc	Specific_Term
cehr	Specific_Term
cellules endothéliales	Specific_Term
cellules musculaires squelettiques	Specific_Term
cellules souches	Specific_Term
cellules tubulaires rénales	Specific_Term
centre hospitalier	Common_Term
centre hospitalier général	Common_Term
centre hospitalier universitaire	Common_Term
centre médicochirurgical	Specific_Term
centres hospitaliers	Common_Term
centres hospitaliers généraux	Common_Term
centres hospitaliers universitaires	Common_Term
cerebrovasculaire	Specific_Term
cerveau	Common_Term
chambre	Common_Term
chf	Specific_Term
chg	Common_Term
chimiothérapie	Common_Term
chimiothérapies	Common_Term
chirurgical	Common_Term
chirurgicale	Common_Term
chirurgicalement	Common_Term
chirurgicales	Common_Term
chirurgicaux	Common_Term
chirurgie	Common_Term
chirurgie cardiaque	Common_Term
chirurgie vasculaire	Common_Term
chirurgien	Common_Term
chirurgiens	Common_Term
chlamydia	Common_Term
chlamydia pneumoniae	Specific_Term
chlamydia psittaci	Specific_Term
chlamydia trachomatis	Specific_Term
chloroquine	Specific_Term
chlorthalidone	Specific_Term
choc anaphylactique	Specific_Term
choc cardiogène	Specific_Term
choc cardiogénique	Specific_Term
choc cardiogénique réfractaire	Specific_Term
choc de pointe	Specific_Term
chromatographie liquide à haute performance	Specific_Term
chronique	Common_Term
chroniques	Common_Term
chu	Common_Term
ciclosporine a	Specific_Term
cinétique contractile	Specific_Term
circulation	Common_Term
circulation extra-corporelle	Specific_Term
circulation extracorporelle	Specific_Term
circulation sanguine	Common_Term
circulatoire	Common_Term
circulatoires	Common_Term
cirrhose	Specific_Term
cirrhose décompensée	Specific_Term
clampage aortique	Specific_Term
classe de la new york heart association	Specific_Term
classe fonctionnelle nyha	Specific_Term
classe iii de la nyha	Specific_Term
classe il de la nyha	Specific_Term
classe iv de la nyha	Specific_Term
classe iv killip	Specific_Term
classe nyha	Specific_Term
classe nyha iii	Specific_Term
classes fonctionnelles	Specific_Term
classification de la new york heart association	Specific_Term
classification de la nyha	Specific_Term
classification fonctionnelle de la new york health association	Specific_Term
classification fonctionnelle iii	Specific_Term
classification nyha	Specific_Term
classifications fonctionnelles	Specific_Term
clearance du pah	Specific_Term
clearance rénale	Specific_Term
clinicien	Common_Term
cliniciens	Common_Term
clinique	Common_Term
cliniquement	Common_Term
cliniques	Common_Term
cmd	Specific_Term
cmh	Specific_Term
cmipp	Specific_Term
cmpp	Specific_Term
cnp	Specific_Term
co-morbidité	Specific_Term
co-morbidités	Specific_Term
coaguler	Common_Term
coefficient de corrélation	OOD_Term
coefficient de corrélation intraclasse	OOD_Term
coeur	Common_Term
coeur artificiel	Specific_Term
coeur artificiel total	Specific_Term
coeur gauche	Specific_Term
collagène	Specific_Term
collapsus	Specific_Term
coma	Common_Term
coma urémique	Specific_Term
comas	Common_Term
communication interauriculalre	Specific_Term
comorbidité	Specific_Term
comorbidités	Specific_Term
comorbidités cardiovasculaires	Specific_Term
complexes qrs larges	Specific_Term
compliance	Specific_Term
compliance artérielle	Specific_Term
compliance ventriculaire gauche	Specific_Term
complication	Common_Term
complications	Common_Term
condition	Common_Term
conditions	Common_Term
congestion veineuse	Specific_Term
congénital	Common_Term
congénitale	Common_Term
congénitales	Common_Term
congénitaux	Common_Term
constriction péricardique	Specific_Term
consultation	Common_Term
consultations	Common_Term
contractile	Specific_Term
contractiles	Specific_Term
contractilité	Specific_Term
contractilité ventriculaire gauche	Specific_Term
contraction	Specific_Term
contrepulsation externe à haut rendement	Specific_Term
contrepulsion par ballonnet intra-aortique	Specific_Term
coronaire	Specific_Term
coronaire droite	Specific_Term
coronaire gauche	Specific_Term
coronaires	Specific_Term
coronarien	Specific_Term
coronarienne	Specific_Term
coronariens	Specific_Term
coronaro-ventriculographie	Specific_Term
coronarocardiaque	Specific_Term
coronarocardiaques	Specific_Term
coronarographie	Specific_Term
coronaropathie	Specific_Term
coronaropathie tritronculaire	Specific_Term
coronaropathies	Specific_Term
corrélation	OOD_Term
corrélation inverse	OOD_Term
corrélations	OOD_Term
corrélée	OOD_Term
corrélées	OOD_Term
corticothérapie	Specific_Term
courbes roc	OOD_Term
cpk	Specific_Term
cr	Specific_Term
critère cardiaque composite	Specific_Term
crpus	Specific_Term
crt	Specific_Term
créatinine	Specific_Term
créatininémie	Specific_Term
curatifs	Common_Term
cyanose	Specific_Term
cyclophosphamide	Specific_Term
cystatine	Specific_Term
cystatine c	Specific_Term
cytokines	Specific_Term
cytokines pro-inflammatoires	Specific_Term
cytosquelette myocytaire	Specific_Term
cytotoxiques	Specific_Term
cérébral	Common_Term
cérébrale	Common_Term
cérébrales	Common_Term
cérébraux	Common_Term
cœur	Common_Term
cœur pulmonaire	Specific_Term
cœur pulmonaire chronique	Specific_Term
dai	Specific_Term
dermatoarthrite lipoïdique	Specific_Term
desmosomes	Specific_Term
diabete	Common_Term
diabète	Common_Term
diabète de type 2	Specific_Term
diabètique	Common_Term
diabétique	Common_Term
diabétiques	Common_Term
diabétiques de type 2	Specific_Term
diagnostic	Common_Term
diagnostics	Common_Term
diagnostique	Common_Term
diagnostiquer	Common_Term
diagnostiques	Common_Term
diagnostiquée	Common_Term
diagnostiquées	Common_Term
diagnostiqués	Common_Term
dialyse	Specific_Term
dialyse péritonéale	Specific_Term
dialysé	Specific_Term
diastole	Specific_Term
diastolique	Specific_Term
diastoliques	Specific_Term
digitalique	Specific_Term
digitaliques	Specific_Term
digitalodiurétique	Specific_Term
dilatation	Common_Term
dilatation ventriculaire droite	Specific_Term
dilatation ventriculaire gauche	Specific_Term
dilaté	Common_Term
dilatée	Common_Term
dilatées	Common_Term
dipyridamole	Specific_Term
dissection	Common_Term
distribution binomiale	OOD_Term
diurne	Specific_Term
diurèse	Specific_Term
diurétique	Specific_Term
diurétique de l'anse	Specific_Term
diurétiques	Specific_Term
diurétiques anti-aldostérone	Specific_Term
diurétiques de l'anse	Specific_Term
dnp	Specific_Term
dobutamine	Specific_Term
doppler	Specific_Term
doppler cardiaque	Specific_Term
double aveugle	OOD_Term
double insu	OOD_Term
douleur	Common_Term
douleurs	Common_Term
dt2	Specific_Term
duodénales	Specific_Term
durée du remplissage diastolique	Specific_Term
dvda	Specific_Term
dysfonction	Common_Term
dysfonction cardiaque	Specific_Term
dysfonction cardiaque diastolique	Specific_Term
dysfonction diastolique	Specific_Term
dysfonction endothéliale	Specific_Term
dysfonction myocardique	Specific_Term
dysfonction neurohormonale	Specific_Term
dysfonction systolique	Specific_Term
dysfonction systolique du ventricule gauche	Specific_Term
dysfonction systolique ventriculaire	Specific_Term
dysfonction systolique ventriculaire gauche	Specific_Term
dysfonction systolique vg	Specific_Term
dysfonction ventriculaire	Specific_Term
dysfonction ventriculaire gauche	Specific_Term
dysfonction ventriculaire gauche systolique	Specific_Term
dysfonction vg	Specific_Term
dysfonction vg non ischémique	Specific_Term
dysfonctionnement	Common_Term
dysfonctionnement cardiaque	Specific_Term
dysfonctionnement rénal	Specific_Term
dysfonctionnement ventriculaire	Specific_Term
dysfonctionnement ventriculaire gauche	Specific_Term
dysfonctionnements diastoliques	Specific_Term
dysfonctions	Common_Term
dysfonctions neurocognitives	Specific_Term
dysfonctions ventriculaires	Specific_Term
dysfonctions ventriculaires asymptomatiques	Specific_Term
dysmétabolismes	Specific_Term
dysplasie	Specific_Term
dysplasie bronchopulmonaire	Specific_Term
dysplasie ventriculaire droite arythmogène	Specific_Term
dyspnée	Specific_Term
dyspnée aiguë	Specific_Term
dyspnée d'effort	Specific_Term
dysthyroïdie	Specific_Term
dysthyroïdies	Specific_Term
débit cardiaque	Specific_Term
débit cardiaque de repos	Specific_Term
débit global de filtration glomérulaire	Specific_Term
décompensation	Specific_Term
décompensation aiguë	Specific_Term
décompensation cardiaque	Specific_Term
décompensation cardiaque congestive	Specific_Term
décompensés cardiaques	Specific_Term
décortication endocardique	Specific_Term
décubitus	Specific_Term
décèdent	Common_Term
décès	Common_Term
décès cardiovasculaires	Specific_Term
décès d'origine cardio-vasculaire	Specific_Term
décès d'origine cardiovasculaire	Specific_Term
décès tardifs	Common_Term
décédés	Common_Term
défaillance cardiaque	Common_Term
défaillance cardiogénique	Specific_Term
défaillance multiviscérale	Specific_Term
défaillances multiviscérales	Specific_Term
défaillances viscérales	Specific_Term
défibrillateur	Common_Term
défibrillateur automatique	Specific_Term
défibrillateur automatique implantable	Specific_Term
défibrillateur automatique implantable ventriculaire	Specific_Term
défibrillateur biventriculaire	Specific_Term
défibrillateur cardiaque automatique implantable	Specific_Term
défibrillateur cardiaque implantable	Specific_Term
défibrillateur implantable automatique	Specific_Term
défibrillateurs	Common_Term
défibrillateurs automatiques	Specific_Term
défibrillateurs automatiques implantés	Specific_Term
défibrillateurs cardiaques implantables	Specific_Term
défibrillateurs implantables	Specific_Term
défibrillation	Common_Term
déformation myocardique	Specific_Term
déformation systolique myocardique	Specific_Term
délai auriculo-ventriculaire	Specific_Term
délai av	Specific_Term
délais auriculo-ventriculaires	Specific_Term
dépistage	Specific_Term
dépister	Specific_Term
dépistés	Specific_Term
dérivé azolé	Specific_Term
dérivés nitrés	Specific_Term
détresse respiratoire	Common_Term
eas	Specific_Term
easf	Specific_Term
ecg	Specific_Term
echocardiographie	Specific_Term
ecmo	Specific_Term
effets adverses	Specific_Term
embole	Specific_Term
embolie	Specific_Term
embolie pulmonaire	Specific_Term
embolie périphérique	Specific_Term
embolie systémique périphérique	Specific_Term
embolique	Specific_Term
emboliques	Specific_Term
embolisation	Specific_Term
embolisation percutanée	Specific_Term
embolisations	Specific_Term
embolisations percutanées	Specific_Term
embryogenèse	Specific_Term
endocarde	Specific_Term
endocardique	Specific_Term
endocardite	Specific_Term
endocardite de lôffler	Specific_Term
endocardite fibroblastique de lôffler	Specific_Term
endocardite fibroblastique de löffler	Specific_Term
endocardite infectieuse	Specific_Term
endocardite infectieuse aortique	Specific_Term
endocardite précoce	Specific_Term
endocardites	Specific_Term
endocardites infectieuses	Specific_Term
endocarditiques	Specific_Term
endocarties	Specific_Term
endocarties infectieuses	Specific_Term
endocavitaire	Specific_Term
endomyocardique	Specific_Term
endomyocardiques	Specific_Term
endopelvienne	Specific_Term
endopeptidase	Specific_Term
endoprothèse coronaire	Specific_Term
endoprothèse coronaire pharmacoactive	Specific_Term
endoprothèses coronaires	Specific_Term
endothélial	Specific_Term
endothéliale	Specific_Term
endothéliales	Specific_Term
endothéline	Specific_Term
endovasculaire	Specific_Term
endoveineuse	Specific_Term
enoximone	Specific_Term
enregistrement holter	Specific_Term
entérocolite ulcéronécrosante	Specific_Term
enzyme	Specific_Term
enzyme de conversion de l'angiotensine	Specific_Term
enzyme de conversion de l'angiotensine ii	Specific_Term
enzymes	Specific_Term
enzymes cardiaques	Specific_Term
enzymes musculaires cardiaques	Specific_Term
epidémiologie	Specific_Term
ergométrie	Specific_Term
espérance de vie	Common_Term
eto	Specific_Term
exacerbations	Specific_Term
examen clinique	Common_Term
excursion systolique de l'anneau tricuspide	Specific_Term
expansion volémique	Specific_Term
explanter	Common_Term
exploration hémodynamique	Specific_Term
expression	Specific_Term
expression des gènes	Specific_Term
expression génique	Specific_Term
expression génétique	Specific_Term
extra-corporeal membrane oxygenation	Specific_Term
extracardiaque	Common_Term
extracellulaire	Specific_Term
extrasystole ventriculaire	Specific_Term
exégèse	OOD_Term
exérèse	Specific_Term
exérèse chirurgicale	Specific_Term
f. e.	Specific_Term
fa	Specific_Term
fa non valvulaire	Specific_Term
faisceau de his	Specific_Term
fc	Specific_Term
fe	Specific_Term
fevg	Specific_Term
fevg basse	Specific_Term
fibrilation	Specific_Term
fibrilation auriculaire	Specific_Term
fibrillation	Specific_Term
fibrillation atriale	Specific_Term
fibrillation auriculaire	Specific_Term
fibrillation auriculaire irréductible	Specific_Term
fibrillation ventriculaire	Specific_Term
fibroblastes	Specific_Term
fibromes	Specific_Term
fibrose	Specific_Term
fibrose cardiaque	Specific_Term
fibrose endomyocardique	Specific_Term
fibrose interstitielle	Specific_Term
fibroélastomes	Specific_Term
fistule	Specific_Term
fistule aorto-cave distale	Specific_Term
fistule coronaire	Specific_Term
fistule coronarocardiaque	Specific_Term
fistules	Specific_Term
fistules coronarocardiaques	Specific_Term
fistuleuse	Specific_Term
flux aortique	Specific_Term
flux de remplissage	Specific_Term
flux de remplissage du ventricule gauche	Specific_Term
flux de remplissages	Specific_Term
flux de remplissages ventriculaires	Specific_Term
flux mitral	Specific_Term
flux sanguin	Common_Term
flux trans-mitral	Specific_Term
foie	Common_Term
foie cardiaque	Specific_Term
fonction cardiaque	Common_Term
fonction diastolique	Specific_Term
fonction endothéliale	Specific_Term
fonction myocardique	Specific_Term
fonction pompe ventriculaire droite	Specific_Term
fonction respiratoire	Specific_Term
fonction rénale	Specific_Term
fonction systolique	Specific_Term
fonction systolique conservée	Specific_Term
fonction systolique d'éjection du ventricule gauche	Specific_Term
fonction systolique du ventricule gauche	Specific_Term
fonction systolique préservée	Specific_Term
fonction systolique vd	Specific_Term
fonction systolique ventriculaire gauche	Specific_Term
fonction systolique vg	Specific_Term
fonction vd	Specific_Term
fonction ventriculaire	Specific_Term
fonction ventriculaire droite	Specific_Term
fonction ventriculaire gauche	Specific_Term
fonctions systoliques	Specific_Term
fonctions vitales	Common_Term
fraction d'ejection	Specific_Term
fraction d'éjection	Specific_Term
fraction d'éjection du ventricule gauche	Specific_Term
fraction d'éjection isotopique	Specific_Term
fraction d'éjection préservée	Specific_Term
fraction d'éjection réduite	Specific_Term
fraction d'éjection ventriculaire gauche	Specific_Term
fraction d'éjection ventriculaire gauche isotopique	Specific_Term
fraction d'éjection vg	Specific_Term
fraction de raccourcissement du ventricule gauche	Specific_Term
fractions d'éjection	Specific_Term
fréquence cardiaque	Specific_Term
fuite valvulaire	Specific_Term
fuites valvulaires	Specific_Term
furosémide	Specific_Term
furosémide plasmatique	Specific_Term
févg	Specific_Term
fœtoplacentaire	Specific_Term
gadolinium	Specific_Term
galectin-3	Specific_Term
galectine-3	Specific_Term
galop protodiastolique	Specific_Term
ganglionnaire	Specific_Term
gc	Common_Term
germe gram	Specific_Term
glitazones	Specific_Term
glucose	Common_Term
glycation	Specific_Term
glycolipides	Specific_Term
glycémie	Specific_Term
glyqués	Specific_Term
goitre	Specific_Term
goitre compressif	Specific_Term
goitre multinodulaire	Specific_Term
goitre nodulaire	Specific_Term
gradient de pression oncotique	Specific_Term
greffe	Specific_Term
greffe cardiaque	Specific_Term
greffons cardiaques	Specific_Term
greffé	Specific_Term
guérison	Common_Term
guérison complète	Common_Term
gènes	Common_Term
génique	Common_Term
génomique	Specific_Term
génomique myocardique	Specific_Term
généraliste	Common_Term
généralistes	Common_Term
génétique	Common_Term
génétiques	Common_Term
gêne	Common_Term
gêne fonctionnelle	Specific_Term
hemopump	Specific_Term
hernie discale lombaire	Specific_Term
histologie	Specific_Term
histologique	Specific_Term
histologiques	Specific_Term
hla b27+	Specific_Term
hmg	Specific_Term
homocystéine	Specific_Term
homocystéine sérique	Specific_Term
hormonale	Common_Term
hormonales	Common_Term
hormonaux	Common_Term
hormone	Common_Term
hormone antidiurétique	Specific_Term
hormone thyréotrope	Specific_Term
hormones	Common_Term
hormones thyroïdiennes	Specific_Term
hormonothérapie	Common_Term
hospitalier	Common_Term
hospitaliers	Common_Term
hospitalisation	Common_Term
hospitalisations	Common_Term
hospitalisé	Common_Term
hospitalisée	Common_Term
hospitalisées	Common_Term
hospitalisés	Common_Term
hospitalière	Common_Term
hospitalières	Common_Term
hplc	Specific_Term
hta	Specific_Term
htap	Specific_Term
htap familiale	Specific_Term
htap idiopathique	Specific_Term
hvg	Specific_Term
hydralazine	Specific_Term
hydralazine-isosorbide dinitrate	Specific_Term
hydrosodée	Specific_Term
hydroxychloroquine	Specific_Term
hypercapnie	Specific_Term
hyperinsulinisme	Specific_Term
hyperkinésie basale	Specific_Term
hyperpigmentation cutanée	Specific_Term
hypersensibilité	Specific_Term
hypertendu	Specific_Term
hypertendus	Specific_Term
hypertensif	Specific_Term
hypertension	Specific_Term
hypertension artérielle	Specific_Term
hypertension artérielle pulmonaire	Specific_Term
hypertension artériellle	Specific_Term
hypertension essentielle	Specific_Term
hypertension portale	Specific_Term
hypertension postcapillaire	Specific_Term
hypertension pulmonaire	Specific_Term
hypertensions	Specific_Term
hypertensions artérielles	Specific_Term
hypertensive	Specific_Term
hypertensives	Specific_Term
hyperthyroïdie	Specific_Term
hypertrophie	Specific_Term
hypertrophie cardiaque	Specific_Term
hypertrophie cardiaque gauche	Specific_Term
hypertrophie cardiaque gauche compensée	Specific_Term
hypertrophie cellulaire	Specific_Term
hypertrophie myocytaire	Specific_Term
hypertrophie ventriculaire	Specific_Term
hypertrophie ventriculaire gauche	Specific_Term
hypertrophier	Specific_Term
hypertrophique	Specific_Term
hypervascularisées	Specific_Term
hyperéosinophilie	Specific_Term
hypo-albuminémie	Specific_Term
hypo-oncocitémie	Specific_Term
hypo-osmolarité plasmatique	Specific_Term
hypocalcémie	Specific_Term
hypokinésie ventriculaire gauche	Specific_Term
hypokinétique	Specific_Term
hypokinétiques	Specific_Term
hyponatrémie	Specific_Term
hyponatrémie chronique	Specific_Term
hyponatrémies	Specific_Term
hypopnée	Specific_Term
hypopnées	Specific_Term
hypotension	Specific_Term
hypotension artérielle réfractaire	Specific_Term
hypotension orthostatique	Specific_Term
hypothyroïdie	Specific_Term
hypoxie	Specific_Term
hypoxies	Specific_Term
hypoxémie	Specific_Term
hystérectomie	Specific_Term
hémangiome	Specific_Term
hémangiomes	Specific_Term
hématopoïétiques	Specific_Term
hémiplégie	Specific_Term
hémoculture	Specific_Term
hémocultures	Specific_Term
hémodynamique	Specific_Term
hémodynamique intrarénale	Specific_Term
hémodynamiques	Specific_Term
hémoglobine	Specific_Term
hémoglobinémie	Specific_Term
hémopathies	Specific_Term
hémorragie	Common_Term
hémorragies	Common_Term
hémorragies cérébrales	Specific_Term
hémorragies pulmonaires	Specific_Term
hémorragiques	Common_Term
héparine	Specific_Term
héparine de bas poids moléculaire	Specific_Term
héparines	Specific_Term
héparines de bas poids moléculaire	Specific_Term
hépatomégalie	Specific_Term
héréditaire	Common_Term
hétérotopique	Specific_Term
hétérotopiques	Specific_Term
hôpital	Common_Term
hôpitaux	Common_Term
ic	Common_Term
ic chronique	Common_Term
ic de stade iv	Specific_Term
ic diastolique	Specific_Term
ic diastolique isolée	Specific_Term
ic terminale	Common_Term
ic à fevg réduite	Specific_Term
ic à fonction systolique préservée	Specific_Term
icad	Specific_Term
icb	Specific_Term
icc	Specific_Term
icd	Specific_Term
icfep	Specific_Term
idiopathique	Specific_Term
idiopathiques	Specific_Term
iec	Specific_Term
ieca	Specific_Term
iga	Specific_Term
igg	Specific_Term
igm	Specific_Term
im	Specific_Term
imagerie morphologique	Specific_Term
imagerie non invasive	Common_Term
imagerie par résonance magnétique	Specific_Term
imc	Common_Term
immunodosage	Specific_Term
immunofluorimétriques	Specific_Term
immunoglobuline	Specific_Term
immunoglobuline intraveineuse	Specific_Term
immunohistochimiques	Specific_Term
immunologiques	Specific_Term
immunomodulatoire	Specific_Term
immunosuppresseur	Specific_Term
immunosuppresseurs	Specific_Term
immunosuppression	Specific_Term
immuomarquage western	Specific_Term
imng	Specific_Term
implantable	Common_Term
implantables	Common_Term
implantation	Common_Term
implanter	Common_Term
implanté	Common_Term
implantée	Common_Term
implantés	Common_Term
impédancemétrie corporelle bioélectrique	Specific_Term
in vitro	Specific_Term
in vivo	Specific_Term
incapacité fonctionnelle	Specific_Term
incidence	Common_Term
index cardiaque	Specific_Term
index de masse corporelle	Common_Term
index systolique	Specific_Term
indice apnée-hypopnée	Specific_Term
indice de comorbidité de charlson	Specific_Term
indice de masse corporelle	Common_Term
indice de masse non grasse	Specific_Term
indométacine	Specific_Term
infarctus	Common_Term
infarctus du myocarde	Specific_Term
infarctus du myocarde à la phase aiguë	Specific_Term
infarctus myocardique	Specific_Term
infarctus traumatique	Specific_Term
infectieuse	Common_Term
infectieuses	Common_Term
infectieux	Common_Term
infection	Common_Term
infections	Common_Term
infiltration lymphoplasmocytaire biventriculaire	Specific_Term
infiltrats lymphoplasmocytaires	Specific_Term
infirmière	Common_Term
infirmières	Common_Term
inflammation	Common_Term
inflammatoire	Common_Term
infracellulaires	Specific_Term
infusions	Common_Term
inhibiteur de l'enzyme de conversion	Specific_Term
inhibiteur de l'enzyme de conversion de l'angiotensine	Specific_Term
inhibiteur de la calcineurine	Specific_Term
inhibiteur de la néprilysine	Specific_Term
inhibiteur des récepteurs de l'angiotensine	Specific_Term
inhibiteurs calciques	Specific_Term
inhibiteurs calciques bradycardisants	Specific_Term
inhibiteurs d'enzyme de conversion	Specific_Term
inhibiteurs d'enzyme de conversion de l'angiotensine	Specific_Term
inhibiteurs de l'angiotensine ii	Specific_Term
inhibiteurs de l'enzyme de conversion	Specific_Term
inhibiteurs de l'enzyme de conversion de l'angiotensine	Specific_Term
inhibiteurs de l'enzyme de conversion de l'angiotensine ii	Specific_Term
inhibiteurs de la synthèse des prostaglandines	Specific_Term
inhibiteurs de tyrosine kinase	Specific_Term
inhibiteurs du mtor	Specific_Term
inhibiteurs du système rénine-angiotensine-aldostérone	Specific_Term
inhibition du ras	Specific_Term
inhibition du système rénine-angiotensine	Specific_Term
injection	Common_Term
injections	Common_Term
inotropes	Specific_Term
inotropes positifs	Specific_Term
inotropisme	Specific_Term
insuffisance aortique	Specific_Term
insuffisance cardiaque	Common_Term
insuffisance cardiaque aiguë	Common_Term
insuffisance cardiaque aiguë diastolique	Specific_Term
insuffisance cardiaque aiguë décompensée	Specific_Term
insuffisance cardiaque aiguë à fonction systolique conservée	Specific_Term
insuffisance cardiaque chronique	Common_Term
insuffisance cardiaque chronique avec fonction systolique diminuée	Specific_Term
insuffisance cardiaque chronique stable	Common_Term
insuffisance cardiaque clinique	Specific_Term
insuffisance cardiaque congestive	Specific_Term
insuffisance cardiaque congestive fœtale	Specific_Term
insuffisance cardiaque congestive à fonction systolique conservée	Specific_Term
insuffisance cardiaque de classe ii	Specific_Term
insuffisance cardiaque de novo	Specific_Term
insuffisance cardiaque de stade a	Specific_Term
insuffisance cardiaque diastolique	Specific_Term
insuffisance cardiaque diastolique aiguë	Specific_Term
insuffisance cardiaque diastolique isolée aiguë	Specific_Term
insuffisance cardiaque droite	Specific_Term
insuffisance cardiaque fœtale	Specific_Term
insuffisance cardiaque gauche	Specific_Term
insuffisance cardiaque globale	Specific_Term
insuffisance cardiaque post-ischémique	Specific_Term
insuffisance cardiaque péripartum	Specific_Term
insuffisance cardiaque réfractaire	Specific_Term
insuffisance cardiaque réfractoire	Specific_Term
insuffisance cardiaque stable	Specific_Term
insuffisance cardiaque stade iii	Specific_Term
insuffisance cardiaque systolique	Specific_Term
insuffisance cardiaque sévère	Specific_Term
insuffisance cardiaque terminale	Common_Term
insuffisance cardiaque à débit élevé	Specific_Term
insuffisance cardiaque à fonction systolique conservée	Specific_Term
insuffisance cardiaque à fonction systolique d'éjection conservée	Specific_Term
insuffisance cardiaque à fonction systolique préservée	Specific_Term
insuffisance cardiaque à fraction d'éjection préservée	Specific_Term
insuffisance cardiaque à fraction d'éjection réduite	Specific_Term
insuffisance cardiaque à haut débit	Specific_Term
insuffisance cardique	Common_Term
insuffisance coronaire	Specific_Term
insuffisance coronaire symptomatique	Specific_Term
insuffisance coronarienne	Specific_Term
insuffisance du myocarde	Specific_Term
insuffisance mitrale	Specific_Term
insuffisance mitrale fonctionnelle	Specific_Term
insuffisance respiratoire	Specific_Term
insuffisance rénale	Specific_Term
insuffisance rénale aiguë	Specific_Term
insuffisance rénale chronique	Specific_Term
insuffisance rénale à diurèse conservée	Specific_Term
insuffisance systolique	Specific_Term
insuffisance systolique ventriculaire gauche	Specific_Term
insuffisance tricuspide	Specific_Term
insuffisance tricuspidienne	Specific_Term
insuffisance valvulaire	Specific_Term
insuffisance valvulaire tricuspide	Specific_Term
insuffisance ventriculaire	Specific_Term
insuffisance ventriculaire gauche	Specific_Term
insuffisances cardiaques	Common_Term
insuffisances mitrales	Specific_Term
insuffisances mitrales fonctionnelles	Specific_Term
insuffisant cardiaque	Common_Term
insuffisant cardiaques	Common_Term
insuffisant rénal	Specific_Term
insuffisants cardiaques	Common_Term
insuffisants cardiaques chroniques	Common_Term
insuffisants cardiaques diabétiques	Common_Term
insuffisants cardiaques graves réfractaires	Specific_Term
insuffisants cardiaques non-diabétiques	Common_Term
insuline	Common_Term
insulinorésistantes	Specific_Term
interatrial	Specific_Term
interféron	Specific_Term
internistes	Common_Term
intervalle de confiance	OOD_Term
intervalle qt	Specific_Term
interventriculaire	Specific_Term
intra-auriculaire droite	Specific_Term
intra-cardiaque	Specific_Term
intra-thoraciques	Specific_Term
intra-vd	Specific_Term
intra-veineuse	Common_Term
intra-ventriculaire	Specific_Term
intra-ventriculaires	Specific_Term
intra-vg	Specific_Term
intracardiaque	Specific_Term
intracardiaques	Specific_Term
intraopératoire	Specific_Term
intrapleurales	Specific_Term
intrarénale	Specific_Term
intratumorale	Specific_Term
intraveineuse	Specific_Term
intraveineuses	Specific_Term
intraventriculaire	Specific_Term
intraventriculaires	Specific_Term
intubation	Specific_Term
intubation trachéale	Specific_Term
invasif	Common_Term
invasive	Common_Term
invasives	Common_Term
iode radioactif	Specific_Term
ira	Specific_Term
irm	Specific_Term
irradiation	Common_Term
irt	Specific_Term
ischémie	Specific_Term
ischémie coronarienne	Specific_Term
ischémie myocardique	Specific_Term
ischémie myocardlque	Specific_Term
ischémie postopératoire	Specific_Term
ischémie silencieuse	Specific_Term
ischémique	Specific_Term
ischémiques	Specific_Term
isomérisme gauche	Specific_Term
isoprotérénol	Specific_Term
isotopique	Specific_Term
isotopiques	Specific_Term
itraconazole	Specific_Term
ivabradine	Specific_Term
ivig	Specific_Term
jonctions cellulaires	Specific_Term
killip	Specific_Term
kpm	OOD_Term
la/ss-b	Specific_Term
leptine	Specific_Term
leucémies	Common_Term
ligature	Specific_Term
lipidique	Specific_Term
lipomes	Specific_Term
lisinopril	Specific_Term
lombotomie	Specific_Term
losartan	Specific_Term
lymphocytes	Specific_Term
lymphocytes t cd4	Specific_Term
lymphoma	Specific_Term
lymphomes	Specific_Term
lètalité	Common_Term
lètalité intra-hospitalière	Specific_Term
léiomyomatose intra-veineuse cave inférieure	Specific_Term
léiomyomatoseintra-veineuse	Specific_Term
lésion	Common_Term
lésion coronaire	Specific_Term
lésion médiastinale	Specific_Term
lésions	Common_Term
lésions articulaires	Specific_Term
lésions carcinoïdes	Specific_Term
lésions cardiaques	Specific_Term
lésions coronaires	Specific_Term
lésions cutanées	Specific_Term
lésions endocarditiques	Specific_Term
lésions ischémiques	Specific_Term
lésions neurologiques	Specific_Term
lésions valvulaires	Specific_Term
lésions valvulaires séquellaires	Specific_Term
létalité	Common_Term
léthalité	Common_Term
léthalité hospitalière	Specific_Term
lévosimendan	Specific_Term
macrocranie	Specific_Term
macrophages	Specific_Term
malade	Common_Term
malades	Common_Term
maladie	Common_Term
maladie aortique	Specific_Term
maladie athéromateuse diffuse	Specific_Term
maladie auto-immune	Common_Term
maladie cardiaque	Common_Term
maladie chronique	Common_Term
maladie coronaire	Specific_Term
maladie de basedow	Specific_Term
maladie de fabry	Specific_Term
maladie de mönckeberg	Specific_Term
maladie de système	Specific_Term
maladie de whipple	Specific_Term
maladie du coeur	Common_Term
maladie inflammatoire	Common_Term
maladie néoplasique	Specific_Term
maladie pseudovirale	Specific_Term
maladie thromboembolique	Specific_Term
maladies	Common_Term
maladies cardiaques	Common_Term
maladies cardiovasculaires	Specific_Term
maladies cardiovascule	Specific_Term
maladies chroniques	Common_Term
maladies neurologiques	Common_Term
malformation artérioveineuse intracrânienne	Specific_Term
marqueurs biologiques	Specific_Term
masse intra-auriculaire droite	Specific_Term
masse non grasse	Specific_Term
mcd	Specific_Term
mcd fulminante	Specific_Term
mcdi	Specific_Term
medicaux	Common_Term
metformine	Specific_Term
micro-angiopathie	Specific_Term
micro-immunofluorescence	Specific_Term
microcirculatoire	Specific_Term
midodrine	Specific_Term
mitoxantrone	Specific_Term
mitral	Specific_Term
mitrale	Specific_Term
mitrales	Specific_Term
mitraux	Specific_Term
mitro-aortiques	Specific_Term
modèle de cox	OOD_Term
moelle osseuse	Common_Term
molécules aquarétiques	Specific_Term
morbi-mortalité	Specific_Term
morbide	Specific_Term
morbides	Specific_Term
morbidité	Specific_Term
morbidité cardiaque	Specific_Term
morbidité cardiaque périopératoire	Specific_Term
morbidités	Specific_Term
morbimortalité	Specific_Term
mort	Common_Term
mort cardiaque	Common_Term
mort cellulaire	Specific_Term
mort cellulaire programmée	Specific_Term
mort non subite	Common_Term
mort subite	Common_Term
mortalité	Common_Term
mortalité cardiovasculaire	Specific_Term
mortalité opératoire	Common_Term
morts	Common_Term
morts subites	Common_Term
ms	Common_Term
muqueuses	Specific_Term
muqueuses digestives	Specific_Term
muscle	Common_Term
muscle cardiaque	Common_Term
musculaire	Common_Term
musculaires	Common_Term
myalgies	Specific_Term
myoblastes	Specific_Term
myocarde	Specific_Term
myocarde infarci	Specific_Term
myocardiopathie	Specific_Term
myocardiopathie dilatée	Specific_Term
myocardiopathie dilatée idiopathique	Specific_Term
myocardiopathie du post-partum	Specific_Term
myocardiopathie idiopathique	Specific_Term
myocardiopathies	Specific_Term
myocardique	Specific_Term
myocardiques	Specific_Term
myocardite	Specific_Term
myocardite fulminante	Specific_Term
myocardite suraiguë	Specific_Term
myocardite torpide	Specific_Term
myocardite à éosinophiles	Specific_Term
myocardites	Specific_Term
myocardlque	Specific_Term
myocytaire	Specific_Term
myocytes	Specific_Term
myocytes cardiaques	Specific_Term
myocytes ventriculaires	Specific_Term
myofibrillaire	Specific_Term
myofibrilles	Specific_Term
myopathie	Specific_Term
myopotentlels	Specific_Term
myxome	Specific_Term
myxome de l'oreillette droite	Specific_Term
myxomes	Specific_Term
myélinolyse centropontine	Specific_Term
mé	Specific_Term
médecin	Common_Term
médecin généraliste	Common_Term
médecine	Common_Term
médecine générale	Common_Term
médecine interne	Common_Term
médecins	Common_Term
médecins de famille	Common_Term
médecins généralistes	Common_Term
médecins urgentistes	Common_Term
médiastinale	Specific_Term
médical	Common_Term
médicale	Common_Term
médicalement	Common_Term
médicales	Common_Term
médicalisation	Common_Term
médicament	Common_Term
médicamenteuse	Common_Term
médicamenteux	Common_Term
médicaments	Common_Term
médicaments vasodilatateurs	Specific_Term
médication	Common_Term
médicaux	Common_Term
médico-chirurgicale	Common_Term
médicochirurgical	Specific_Term
médicochirurgicale	Specific_Term
médicothérapie	Specific_Term
méta-analyse	OOD_Term
méta-analyses	OOD_Term
métaboliques	Common_Term
métabolisme	Common_Term
métabolisme du coeur	Specific_Term
métabolites	Specific_Term
métastases	Specific_Term
métastases cardiaques	Specific_Term
métastatique	Specific_Term
métastatiques	Specific_Term
méthode de holter	Specific_Term
n-terminal propeptide natriurétique de type b	Specific_Term
natriurèse	Specific_Term
natriurétique	Specific_Term
natriurétiques	Specific_Term
neuro-hormonale	Specific_Term
neuro-hormonales	Specific_Term
neuro-hormonaux	Specific_Term
neuro-psychiques	Common_Term
neurobiologiques	Specific_Term
neurohormonale	Specific_Term
neurohumorale	Specific_Term
neurologique	Common_Term
neurologiques	Common_Term
neuropathie	Specific_Term
neuropathie cardiaque	Specific_Term
neuropédiatres	Specific_Term
nitroglycérine	Specific_Term
nitrés	Specific_Term
nodule cutané	Specific_Term
non invasif	Common_Term
non invasive	Common_Term
non invasives	Common_Term
non-compaction isolée du ventricule gauche	Specific_Term
non-compaction ventriculaire gauche	Specific_Term
non-invasive	Common_Term
noradrénaline	Specific_Term
noradrénaline plasmatique	Specific_Term
norépinéphrine	Specific_Term
npr-a	Specific_Term
npr-c	Specific_Term
nt-probnp	Specific_Term
ntg	Specific_Term
nyna iii	Specific_Term
nécropsiques	Common_Term
nécrose	Specific_Term
nécrose antérieure	Specific_Term
nécrose myocardique	Specific_Term
néo-angiogenèse	Specific_Term
néphrologues	Specific_Term
néphropathie diabètique	Specific_Term
néprilysine	Specific_Term
nésiritide	Specific_Term
obèse	Common_Term
obèses	Common_Term
obésité	Common_Term
oedemes	Specific_Term
oedemes périphériques	Specific_Term
oedèmes	Specific_Term
oedèmes pulmonaires	Specific_Term
oligohydramnios	Specific_Term
oligurie	Specific_Term
omnipraticiens	Common_Term
oncocitémie	Specific_Term
oncologues	Common_Term
oncopédiatre	Specific_Term
oncotique	Specific_Term
onde q	Specific_Term
ondes p	Specific_Term
opératoire	Common_Term
opératoires	Common_Term
opérés	Common_Term
or	OOD_Term
oral	Common_Term
orale	Common_Term
oreillette	Specific_Term
oreillette droite	Specific_Term
oreillettes	Specific_Term
organe	Common_Term
organes	Common_Term
organique	Common_Term
organiques	Common_Term
orthotopique	Specific_Term
osmolarité	Specific_Term
osmolarité urinaire	Specific_Term
oxygène de pointe	Specific_Term
oxygénothérapie	Specific_Term
oxymètres	Specific_Term
p	OOD_Term
pac	Specific_Term
pacemaker	Common_Term
paclitaxel	Specific_Term
palliatifs	Common_Term
palliative	Common_Term
pandémie	Common_Term
papulonodulaire	Specific_Term
paraclinique	Specific_Term
paracliniques	Specific_Term
paramédicale	Specific_Term
paramédicaux	Common_Term
parasympathique	Specific_Term
paroi	Specific_Term
paroi du ventricule gauche	Specific_Term
paroi inférieure	Specific_Term
paroi libre du vd	Specific_Term
parois	Specific_Term
parois myocardiques	Specific_Term
paroxystique	Specific_Term
pathogène	Specific_Term
pathogénique	Specific_Term
pathologie	Specific_Term
pathologie inflammatoire	Specific_Term
pathologie valvulaire	Specific_Term
pathologies	Specific_Term
pathologies cardio-vasculaires	Specific_Term
pathologiques	Specific_Term
pathophysiologie	Specific_Term
pathophysiologique	Specific_Term
patient	Common_Term
patiente	Common_Term
patientes	Common_Term
patients	Common_Term
pcr	Specific_Term
peptide	Specific_Term
peptide b natriurétique	Specific_Term
peptide natriurétique	Specific_Term
peptide natriurétique cérébral	Specific_Term
peptide natriurétique de type b	Specific_Term
peptide natriurétique de type-b	Specific_Term
peptides	Specific_Term
peptides natriurétiques	Specific_Term
peptides natriurétiques a	Specific_Term
peptides natriurétiques auriculaires	Specific_Term
peptidique	Specific_Term
peptidique natriurétique	Specific_Term
peptidiques	Specific_Term
percutanée	Specific_Term
percutanées	Specific_Term
performance cardiaque	Specific_Term
perfusion	Specific_Term
peripartum	Specific_Term
peropératoire	Specific_Term
peropératoires	Specific_Term
pharmaciens	Common_Term
pharmacies	Common_Term
pharmacocinétique	Specific_Term
pharmacogénomique	Specific_Term
pharmacologie	Common_Term
pharmacologique	Common_Term
pharmacologiques	Common_Term
phosphodiestérases	Specific_Term
phosphodiestérases de type 5	Specific_Term
phosphorylation	Specific_Term
physiologie	Common_Term
physiologiquement	Common_Term
physiologiques	Common_Term
physiopathologie	Specific_Term
physiopathologique	Specific_Term
physiopathologiques	Specific_Term
physique	Common_Term
physiques	Common_Term
pic de vo2	Specific_Term
pics de vélocité du flux mitral	Specific_Term
pioglitazone	Specific_Term
placebo	Common_Term
planimétrie	OOD_Term
plaquettes	Specific_Term
plasma	Specific_Term
plasmatique	Specific_Term
plasmatiques	Specific_Term
pléthysmographie	Specific_Term
pneumatiques	Specific_Term
pneumologique	Common_Term
pneumothorax	Specific_Term
polyarthrite	Specific_Term
polyarthrite destructrice	Specific_Term
polyarthrite rhumatoïde	Specific_Term
polygraphie	Specific_Term
polymorphisme	Specific_Term
polymédicamenté	Specific_Term
pompe cardiaque	Specific_Term
pompes centrifuges	Specific_Term
pontage	Specific_Term
pontage aortocoronarien	Specific_Term
posologie	Specific_Term
posologies	Specific_Term
post partum	Specific_Term
post-charge	Specific_Term
post-charge ventriculaire	Specific_Term
post-charge ventriculaire gauche	Specific_Term
post-hospitaliers	Common_Term
post-hospitalière	Common_Term
post-infarctus du myocarde	Specific_Term
post-partum	Specific_Term
postcharge	Specific_Term
postcharge du ventricule gauche	Specific_Term
postopératoire	Common_Term
postopératoires	Common_Term
postpartum	Specific_Term
pouls	Common_Term
poumon	Common_Term
prednisone	Specific_Term
prendre en charge	Common_Term
prescription	Common_Term
prescriptions	Common_Term
prescrite	Common_Term
prescrits	Common_Term
pression artérielle	Common_Term
pression artérielle pulmonaire	Specific_Term
pression artérielle systolique	Specific_Term
pression capillaire pulmonaire	Specific_Term
pression diastolique	Specific_Term
pression systolique	Specific_Term
pressions de remplissage	Specific_Term
pressions de remplissage du ventricule gauche	Specific_Term
pressions pulmonaires	Specific_Term
pris en charge	Common_Term
prise en charge	Common_Term
probnp	Specific_Term
profil mitral	Specific_Term
pronosgtic	Common_Term
pronostic	Common_Term
pronostique	Common_Term
pronostiques	Common_Term
propeptide natriurétique de type b	Specific_Term
prophylactique	Specific_Term
prophylaxie	Specific_Term
prospective	Specific_Term
prospectives	Specific_Term
prostacycline	Specific_Term
prostaglandines	Specific_Term
prothrombine	Specific_Term
prothèse valvulaire	Specific_Term
protidémie	Specific_Term
protodiastolique	Specific_Term
protéine	Common_Term
protéine bcl-2	Specific_Term
protéines	Common_Term
protéines contractiles	Specific_Term
protéines pariétales	Specific_Term
protéolyse	Specific_Term
protéomique	Specific_Term
prurigineux	Specific_Term
pré-hospitalière	Common_Term
pré-probnp	Specific_Term
précharge ventriculaire	Specific_Term
précliniques	Common_Term
précordiales	Specific_Term
prédialysé	Specific_Term
prédicteurs anamnestiques	Specific_Term
prédicteurs peropératoires	Specific_Term
préopératoire	Common_Term
préopératoires	Common_Term
prévalence	Common_Term
prévalences	Common_Term
psychique	Common_Term
psychologiquement	Common_Term
psychologue	Common_Term
pulmonaire	Common_Term
pulmonaires	Common_Term
pédicules vasculaires	Specific_Term
péri-opératoire	Specific_Term
péri-opératoires	Specific_Term
péricarde	Specific_Term
péricardectomie	Specific_Term
péricardique	Specific_Term
péricardiques	Specific_Term
péricardite	Specific_Term
péricardite bénigne virale	Specific_Term
péricardite chronique constrictive	Specific_Term
péricardites	Specific_Term
période de suivi	Common_Term
périopératoire	Specific_Term
périopératoires	Specific_Term
péripartum	Specific_Term
qrs	Specific_Term
qt	Specific_Term
qualité de vie	Common_Term
qualité de vle	Common_Term
r	OOD_Term
raa	Specific_Term
radiographie	Common_Term
radiographie pulmonaire	Specific_Term
radiographie thoracique	Specific_Term
radiographique	Common_Term
radiologique	Common_Term
radiologiques	Common_Term
radiothérapie	Common_Term
ramipril	Specific_Term
randomisé	OOD_Term
randomisée	OOD_Term
randomisées	OOD_Term
randomisés	OOD_Term
ras	Specific_Term
recepteurs	Specific_Term
reflux télédiastolique	Specific_Term
regime hyposodé	Specific_Term
rein	Common_Term
reins	Common_Term
remodelage	Specific_Term
remodelage cardiaque	Specific_Term
remodelage fibrotique myocardique	Specific_Term
remodelage myofibrillaire	Specific_Term
remodelage ventriculaire	Specific_Term
remodelage ventriculaire gauche	Specific_Term
remplacement valvulaire aortique	Specific_Term
remplacements valvulaires aortiques	Specific_Term
remplissage diastolique	Specific_Term
remplissage vasculaire	Specific_Term
remplissage ventriculaire	Specific_Term
remplissage ventriculaire gauche	Specific_Term
repolarisation	Specific_Term
reproductibilité	OOD_Term
reproductibles	OOD_Term
respiration de cheyne-stokes	Specific_Term
respiration périodique de cheyne-stokes	Specific_Term
resynchronisation	Specific_Term
resynchronisation cardiaque	Specific_Term
resynchronisation ventriculaire	Specific_Term
retentissement cardiaque	Specific_Term
revascularisation	Specific_Term
revascularisation coronaire	Specific_Term
revascularisation myocardique	Specific_Term
reverse remodelling effect	OOD_Term
rfc	Specific_Term
rhabdomyomes	Specific_Term
rhm	Specific_Term
rhumatismales	Specific_Term
rhumatisme	Common_Term
rhumatisme articulaire	Specific_Term
rhumatisme articulaire aigu	Specific_Term
rhumatisme psoriasique	Specific_Term
rhumatologique	Specific_Term
rhumatoïde	Common_Term
risque relatif	Specific_Term
rosiglitazone	Specific_Term
rr	Specific_Term
rythme cardiaque	Common_Term
rythme d'échappement	Specific_Term
rythme sinusal	Specific_Term
rythme ventriculaire	Specific_Term
rythmologie	Specific_Term
ré-admission	Common_Term
réabsorption tubulaire proximale	Specific_Term
réadaptation	Common_Term
réadmission	Common_Term
réanimateur	Common_Term
réanimateurs	Common_Term
récepteur	Specific_Term
récepteur à l'angiotensine	Specific_Term
récepteur à l'angiotensine 2	Specific_Term
récepteurs	Specific_Term
récepteurs at1 de l'angiotensine ii	Specific_Term
récepteurs bêta du myocarde	Specific_Term
récepteurs de l'aldostérone	Specific_Term
récepteurs de l'angiotensine	Specific_Term
récepteurs de l'angiotensine ii	Specific_Term
récepteurs de l'endothéline	Specific_Term
récepteurs v2	Specific_Term
récepteurs à l'angiotensine	Specific_Term
récepteurs à l'angiotensine ii	Specific_Term
réentraînement	Common_Term
régression logistique	OOD_Term
régression logistique multivariée	OOD_Term
régurgitation valvulaire	Specific_Term
réhospitalisation	Common_Term
réhospitalisations	Common_Term
rénal	Specific_Term
rénale	Specific_Term
rénales	Specific_Term
rénine	Specific_Term
réponse rénale	Specific_Term
résistances artérielles pulmonaires	Specific_Term
résistine	Specific_Term
résonance magnétique	Specific_Term
résonance magnétique nucléaire	Specific_Term
rétablissement de la fréquence cardiaque	Specific_Term
rétention hydrique	Specific_Term
rétention hydrosodée	Specific_Term
réticulohistiocytose multicentrique	Specific_Term
rétrospective	OOD_Term
rétrécissement aortique	Specific_Term
sa	Specific_Term
sahos	Specific_Term
saines	Common_Term
sains	Common_Term
sang	Common_Term
sang périphérique	Specific_Term
sanguin	Common_Term
sanguines	Common_Term
santé	Common_Term
sarcome	Specific_Term
sarcomes	Specific_Term
sartans	Specific_Term
sas	Specific_Term
scannographie	Specific_Term
scintigraphie	Specific_Term
sclérose en plaques	Specific_Term
sd	OOD_Term
sensibilité	Specific_Term
sepsis	Specific_Term
septal	Specific_Term
septale	Specific_Term
septum interatrial	Specific_Term
septum ventriculaire	Specific_Term
shunt	Specific_Term
shunts	Specific_Term
sida	Common_Term
significatif	OOD_Term
significatifs	OOD_Term
significative	OOD_Term
significativement	OOD_Term
significatives	OOD_Term
sinus coronaire	Specific_Term
sodium	Common_Term
soins curatifs	Common_Term
soins de fdv	Common_Term
soins de fin de vie	Common_Term
soins en fin de vie	Common_Term
soins palliatifs	Common_Term
soins post-hospitaliers	Common_Term
soins tertiaires	Specific_Term
solutés hypertoniques	Specific_Term
somatique	Specific_Term
souffle cardiaque	Specific_Term
sous-clavière	Specific_Term
sphinglopidose	Specific_Term
spironolactone	Specific_Term
spondylarthrite ankylosante	Specific_Term
spécialiste	Common_Term
spécialistes	Common_Term
spécificité	Specific_Term
stable	Common_Term
stables	Common_Term
stade ii de la nyha	Specific_Term
staphylocoque	Specific_Term
staphylocoque doré	Specific_Term
statines	Specific_Term
stimulateur biventriculaire	Specific_Term
stimulateur cardiaque	Specific_Term
stimulateur cardiaque biventriculaire	Specific_Term
stimulateurs cardiaques	Specific_Term
stimulation atriobiventriculaire	Specific_Term
stimulation biventriculaire	Specific_Term
stimulation cardiaque	Specific_Term
stimulation cardiaque biventriculaire	Specific_Term
stimulation cardiaque double chambre	Specific_Term
stimulation cardiaque multisite	Specific_Term
stimulation double chambre	Specific_Term
stimulation ventriculaire gauche	Specific_Term
stimulation épicardique	Specific_Term
stimulus volémique	Specific_Term
strain	Specific_Term
strain systolique	Specific_Term
strain systolique septal	Specific_Term
stratification	Specific_Term
stratification du risque	Specific_Term
streptocoque	Specific_Term
sténose	Specific_Term
sténose aortique	Specific_Term
sténose ostiale	Specific_Term
sténose pulmonaire	Specific_Term
sténoses	Specific_Term
sténoses athéroscléreuses	Specific_Term
stéroïdes	Common_Term
suivi	Common_Term
suivis	Common_Term
sulfate de chloroquine	Specific_Term
sumatriptan	Specific_Term
suraiguë	Common_Term
surcharge de pression	Specific_Term
surcharge de volume	Specific_Term
surcharge iodée	Specific_Term
surinfection	Common_Term
surmortalité	Common_Term
surrénales	Common_Term
survie	Common_Term
sympathicomimétiques	Specific_Term
sympathique	Specific_Term
symptomatique	Common_Term
symptomatiques	Common_Term
symptomatologie	Specific_Term
symptôme	Common_Term
symptômes	Common_Term
syncopal	Specific_Term
syncope	Specific_Term
syncopes	Specific_Term
syndrome	Common_Term
syndrome cardio-rénal	Specific_Term
syndrome cardiorénal	Specific_Term
syndrome coronaire aigu	Specific_Term
syndrome coronarien aigu	Specific_Term
syndrome d'apnées du sommeil	Specific_Term
syndrome d'apnées-hypopnées obstructives	Specific_Term
syndrome d'épuisement vital	Specific_Term
syndrome de churg-strauss	Specific_Term
syndrome de claude bernard horner	Specific_Term
syndrome de leriche	Specific_Term
syndrome de meadows	Specific_Term
syndrome de takotsubo	Specific_Term
syndrome des brugada	Specific_Term
syndrome du tako-tsubo	Specific_Term
syndromes	Common_Term
syndromes coronaires aigus	Specific_Term
syndromes coronariens aigus	Specific_Term
syndromes d'apnées du sommeil	Specific_Term
systole	Specific_Term
systole auriculaire	Specific_Term
systolique	Specific_Term
systoliques	Specific_Term
système cardiovasculaire	Specific_Term
système nerveux autonome	Specific_Term
système nerveux central	Common_Term
système nerveux sympathique	Specific_Term
système rénine-angiotensine	Specific_Term
système rénine-angiotensine-aldostérone	Specific_Term
système rénine–angiotensine–aldostérone	Specific_Term
systèmes vasoconstricteurs	Specific_Term
systèmes vasodilatateurs	Specific_Term
systémique	Specific_Term
systémiques	Specific_Term
sénescence replicative	Specific_Term
séquestration  pulmonaire  extralobaire	Specific_Term
séquestration extralobaire	Specific_Term
séquestrationextralobaire	Specific_Term
séro-positive	Common_Term
sérologie	Specific_Term
sérologique	Specific_Term
séronégative	Common_Term
séronégatives	Common_Term
séropositives	Common_Term
tableau clinique	Common_Term
tableaux cliniques	Common_Term
tachyarythmie	Specific_Term
tachycardie	Specific_Term
tachycardie jonctionnelle permanente par rythme réciproque	Specific_Term
tachycardie sinusale	Specific_Term
tachycardie ventriculaire	Specific_Term
tachycardie ventriculaire incessante idiopathique	Specific_Term
tachycardie ventriculaire paroxystique	Specific_Term
tachycardies	Specific_Term
tachycardies jonctionnelles permanentes par rythme réciproque	Specific_Term
tachycardies supraventriculaires	Specific_Term
tachycardies ventriculaires	Specific_Term
tachycardies ventriculaires incessantes idiopathiques	Specific_Term
tacrolimus	Specific_Term
tad	OOD_Term
tapse	Specific_Term
taux de filtration glomérulaire	Specific_Term
technique de hanssen	Specific_Term
temps de relaxation isovolumique	Specific_Term
temps de remplissage	Specific_Term
tension pariétale ventriculaire	Specific_Term
terminal	Common_Term
terminale	Common_Term
test de marche de six minutes	Specific_Term
test de marche progressive	Specific_Term
testostérone	Common_Term
testt de student	OOD_Term
thallium	Specific_Term
thiamine	Specific_Term
thiaminémie	Specific_Term
thiazide	Specific_Term
thiazolidinediones	Specific_Term
thoracique	Specific_Term
thoraciques	Specific_Term
thoracotomie	Specific_Term
thorax	Specific_Term
thrombi	Specific_Term
thrombi intraventriculaires gauches	Specific_Term
thrombo-emboliques	Specific_Term
thromboembolique	Specific_Term
thromboemboliques	Specific_Term
thrombolyse	Specific_Term
thrombolytiques	Specific_Term
thrombophilie	Specific_Term
thrombophlébite	Specific_Term
thrombopénie	Specific_Term
thrombose	Specific_Term
thrombose droite	Specific_Term
thrombose intracardiaque	Specific_Term
thrombose veineuse	Specific_Term
thrombose veineuse profonde	Specific_Term
thrombose ventriculaire gauche	Specific_Term
thromboses	Specific_Term
thromboses intracardiaques	Specific_Term
thromboses intraventriculaires	Specific_Term
thromboses ventriculaires	Specific_Term
thrombus	Specific_Term
thrombus apical ventriculaire gauche	Specific_Term
thyrotoxicose	Specific_Term
thyroïdectomie	Specific_Term
thyroïdienne	Specific_Term
thyroïdiennes	Specific_Term
théorie de l'autodétermination	OOD_Term
thérapeutique	Common_Term
thérapeutiques	Common_Term
thérapie	Common_Term
thérapie cellulaire	Specific_Term
thérapie génique	Specific_Term
thérapie génétique	Specific_Term
thérapie vasodilatatrice	Specific_Term
thérapies	Common_Term
tissu adipeux	Specific_Term
tissu cardiaque	Specific_Term
tissu cicatriciel	Specific_Term
tissu musculaire squelettique	Specific_Term
tissu nerveux autonome	Specific_Term
tissus sous-cutanés	Specific_Term
tolérance à l'effort	Specific_Term
tonus parasympathique	Specific_Term
tonus sympathique	Specific_Term
torsades à couplage court	Specific_Term
toxicité cardiaque	Specific_Term
toxocara canis	Specific_Term
toxocarose	Specific_Term
traitement médical	Common_Term
traitement médicamenteux	Common_Term
traitement pharmacologique	Common_Term
traitement symptomatique	Specific_Term
traitement étiologique	Specific_Term
traitements antiangineux	Specific_Term
traitements pharmacologiques	Common_Term
transcriptase-polymerase reverse	Specific_Term
transduction des signaux	Specific_Term
transferase déoxyribonucléotide terminale	Specific_Term
transfert génétique	Specific_Term
transfusion	Common_Term
transplantation	Common_Term
transplantation cardiaque	Common_Term
transplantation pulmonaire	Specific_Term
transplantés	Common_Term
transplantés cardiaques	Common_Term
transrénale	Specific_Term
transthoracique	Specific_Term
trastuzumab	Specific_Term
traumatique	Common_Term
traumatiques	Common_Term
traumatisme	Common_Term
traumatismes	Common_Term
trichrome masson	Specific_Term
tricuspidien	Specific_Term
trioxyde d'arsenic	Specific_Term
tropheryma whipplei	Specific_Term
troponine	Specific_Term
troponine i	Specific_Term
trouble hydroélectrolytique	Specific_Term
troubles de conduction	Specific_Term
troubles de la conduction	Specific_Term
troubles du rythme	Specific_Term
troubles du rythme auriculaires	Specific_Term
troubles du rythme ventriculaire	Specific_Term
tsh	Specific_Term
tsm	Common_Term
tumeur	Common_Term
tumeur bénigne	Common_Term
tumeur bénigne cardiaque	Common_Term
tumeur carcinoïde métastatique	Specific_Term
tumeur cardiaque	Common_Term
tumeurs	Common_Term
tumeurs bénignes	Common_Term
tumeurs carcinoïdes métastatiques	Specific_Term
tumeurs cardiaques	Common_Term
tumeurs malignes	Common_Term
tumeurs primitives	Specific_Term
tumeurs thoraciques	Specific_Term
tumorale	Common_Term
tunel	Specific_Term
tuniques cardiaques	Specific_Term
turbine intraventriculaire	Specific_Term
télédiastolique	Specific_Term
télédiastoliques	Specific_Term
télésurveillance médicale	Common_Term
télésystoliques	Specific_Term
tératome	Specific_Term
tératome sacrococcygien	Specific_Term
tératomes	Specific_Term
ultrafiltration	Specific_Term
unité des soins intensifs	Common_Term
univentriculaire	Specific_Term
univentriculaire gauche	Specific_Term
urgences	Common_Term
urgentiste	Common_Term
urodilatine	Specific_Term
urémie	Specific_Term
urémique	Specific_Term
usi	Common_Term
vacuolaires	Specific_Term
vagal	Specific_Term
vaisseaux	Common_Term
valeur prédictive négative	OOD_Term
valeur prédictive positive	OOD_Term
valeurs kappa	OOD_Term
validité de convergence	OOD_Term
valsartan	Specific_Term
valve aortique	Specific_Term
valve atrioventriculaire	Specific_Term
valve pulmonaire	Specific_Term
valves cardiaques	Specific_Term
valvulaire	Specific_Term
valvulaires	Specific_Term
valvulopathie	Specific_Term
valvulopathie mitrale	Specific_Term
valvulopathies	Specific_Term
valvulopathies carcinoïdes	Specific_Term
vaptans	Specific_Term
vasculaire	Common_Term
vasculaires	Common_Term
vascularisation	Specific_Term
vasoconstricteurs	Specific_Term
vasoconstriction	Specific_Term
vasodilatateur	Specific_Term
vasodilatateurs	Specific_Term
vasodilatation	Specific_Term
vasodilatation no dépendante	Specific_Term
vasodilatation périphérique	Specific_Term
vasodilatatrice	Specific_Term
vasopressine	Specific_Term
vd	Specific_Term
veine	Common_Term
veine cave	Specific_Term
veine cave inférieure	Specific_Term
veines	Common_Term
veines pulmonaires	Common_Term
veines sus-hépatiques	Specific_Term
veineuse	Common_Term
veineux	Common_Term
ventilation assistée	Specific_Term
ventilation en pression positive	Specific_Term
ventilation non-invasive	Specific_Term
ventriculaire	Specific_Term
ventriculaire droit	Specific_Term
ventriculaire droite	Specific_Term
ventriculaire gauche	Specific_Term
ventriculaires	Specific_Term
ventricule	Specific_Term
ventricule droit	Specific_Term
ventricule droit systémique	Specific_Term
ventricule gauche	Specific_Term
ventricule unique	Specific_Term
ventricules	Specific_Term
ventricules électriques	Specific_Term
ventriculogramme	Specific_Term
ventriculographique	Specific_Term
vg	Specific_Term
vih	Common_Term
virale	Common_Term
virales	Common_Term
viraux	Common_Term
virus	Common_Term
virus de l'immunodéficience humaine	Common_Term
viscérales	Specific_Term
vitamine b1	Common_Term
vitamine d	Common_Term
vitesse systolique	Specific_Term
vo2	Specific_Term
vo2 de pointe	Specific_Term
vo2 max	Specific_Term
voie d'abord	Specific_Term
voies aériennes supérieures	Common_Term
volumes télédiastoliques	Specific_Term
volumineux myxome de l'oreillette droite	Specific_Term
volémie	Specific_Term
volémique	Specific_Term
vp	Specific_Term
vpn	OOD_Term
vérapamil	Specific_Term
ß-bloquants	Specific_Term
â-bloquants	Specific_Term
échelle d'activité spécifique	Specific_Term
échelle d'activité spécifique française	Specific_Term
écho-doppler	Specific_Term
écho-doppler cardiaque	Specific_Term
échocardiagraphique	Specific_Term
échocardiogramme	Specific_Term
échocardiographie	Specific_Term
échocardiographie doppler	Specific_Term
échocardiographie transoesophagienne	Specific_Term
échocardiographie transthoracique	Specific_Term
échocardiographie-doppler	Specific_Term
échocardiographies	Specific_Term
échocardiographique	Specific_Term
échocardiographique doppler	Specific_Term
échocardiographiques	Specific_Term
échographie	Common_Term
échographie cardiaque	Specific_Term
échographie transfontanellaire	Specific_Term
échographie-doppler	Specific_Term
échographique	Common_Term
échographiques	Common_Term
électrocardiogramme	Specific_Term
électrocardiographie	Specific_Term
électrocardiographique	Specific_Term
électrocardiographiques	Specific_Term
électroencéphalogramme	Specific_Term
électrolytes	Specific_Term
énalapril	Specific_Term
énoximone	Specific_Term
éosinophilie	Specific_Term
épanchement péricardique	Specific_Term
épanchements pleuraux	Specific_Term
épicardique	Specific_Term
épidémie	Common_Term
épidémiologie	Specific_Term
épidémiologique	Specific_Term
épidémiologiques	Specific_Term
épigastrique	Specific_Term
épreuve d'effort	Specific_Term
épreuves d'effort	Specific_Term
érythropoïétine	Specific_Term
étiologie	Specific_Term
étiologies	Specific_Term
étiologique	Specific_Term
étiologiques	Specific_Term
étiopathogénie	Specific_Term
étiopathogéniques	Specific_Term
étude prospective	Specific_Term
étude randomisée	OOD_Term
étude rétrospective	OOD_Term
étude rétrospective transversale	OOD_Term
étude rétrospective transversale descriptive	OOD_Term
études propectives	OOD_Term
études prospectives	Specific_Term
évènement cardiovasculaire	Specific_Term
évènements cardiovasculaires	Specific_Term
œdème	Specific_Term
œdème fœtal	Specific_Term
œdème pulmonaire	Specific_Term
œdèmes	Specific_Term
œsophage	Specific_Term
œsophagien	Specific_Term
α	OOD_Term
β-bloquant	Specific_Term
β-bloquants	Specific_Term
